Fecha,Hora,Bosque,"Transecto (1,2,3)",Planta,Polinizador,sexo,capturado?,Codigo_frasco,Observaciones,Ronda,Codigo_Final,Latitude,Longitude
11/04/22,10:57:00,1,1,Bellis perennis,,,si,1,20 km/h,1,,,
11/04/22,11:19:00,1,1,Bellis perennis,?=1,,no,,sol,1,,,
11/04/22,13:58:00,1,2,Bellis perennis,?=1,,no,,Tª: 15ºC aprox.,1,,,
11/04/22,13:55:00,1,2,Taraxacum officinale,Bombus pascuorum,,no,,,1,,,
11/04/22,15:34:00,1,3,Taraxacum officinale,?=1,,no,,,1,,,
11/04/22,15:50:00,1,3,Potentilla sterilis,,,si,2,,1,,,
11/04/22,16:07:00,1,3,Taraxacum officinale,Bombus pascuorum,,no,,,1,,,
11/04/22,16:10:00,1,3,Bellis perennis,?=1,,no,,,1,,,
11/04/22,16:16:00,1,3,Bellis perennis,?=1,,no,,,1,,,
12/04/22,11:40:00,2,1,Helleborus viridis,Bombus terrestris,,no,,reina,1,,,
12/04/22,13:23:00,2,2,Potentilla sterilis,Apis mellifera,,no,,"sol, poco viento",1,,,
12/04/22,13:46:00,2,2,Potentilla sterilis,Bombus terrestris,,no,,reina,1,,,
12/04/22,14:04:00,2,2,Helleborus viridis,Apis mellifera,,no,,,1,,,
12/04/22,14:06:00,2,2,Ranunculus ficaria,,,si,3,,1,,,
12/04/22,15:18:00,2,3,Helleborus viridis,Bombus terrestris,,no,,,1,,,
12/04/22,15:22:00,2,3,Helleborus viridis,Apis mellifera,,no,,,1,,,
12/04/22,15:26:00,2,3,Bellis perennis,?=3,,no,,,1,,,
12/04/22,15:47:00,2,3,Hepatica nobilis,Bombus terrestris,,no,,reina,1,,,
12/04/22,15:50:00,2,3,Helleborus viridis,Bombus terrestris,,no,,reina,1,,,
12/04/22,16:00:00,2,3,Bellis perennis,?=3,,no,,,1,,,
13/04/22,11:10:00,4,1,Bellis perennis,?=3,,no,,"sol, poco viento",1,,,
13/04/22,11:14:00,4,1,Taraxacum officinale,?=3,,no,,Tª: 10ºC aprox.,1,,,
13/04/22,11:22:00,4,1,Taraxacum officinale,?=3,,no,,,1,,,
13/04/22,11:35:00,4,1,Bellis perennis,,,si,4,,1,,,
13/04/22,11:39:00,4,1,Bellis perennis,?=3,,no,,,1,,,
13/04/22,11:42:00,4,1,Taraxacum officinale,?=3,,no,,,1,,,
13/04/22,13:18:00,4,2,Taraxacum officinale,?=4,,no,,,1,,,
13/04/22,13:36:00,4,2,Taraxacum officinale,?=4,,no,,,1,,,
13/04/22,15:37:00,4,3,Bellis perennis,?=3,,no,,,1,,,
13/04/22,15:58:00,4,3,Bellis perennis,?=3,,no,,,1,,,
13/04/22,16:01:00,4,3,Bellis perennis,?=3,,no,,,1,,,
22/04/22,10:50:00,5,1,Pedicularis sylvatica,,,si,5,"Sol, nublado, fresco",1,,,
25/04/22,11:01:00,3,1,Helleborus viridis,Bombus pascuorum,,no,,"Sol, no hay viento",1,,,
25/04/22,11:20:00,3,1,Scilla verna,?=6,,no,,,1,,,
25/04/22,11:30:00,3,1,Scilla verna,,,si,7,,1,,,
25/04/22,11:33:00,3,1,Lathyrus linifolius,,,si,8,,1,,,
25/04/22,11:36:00,3,1,Scilla verna,?=7,,no,,,1,,,
25/04/22,11:38:00,3,1,Scilla verna,?=10,,no,,,1,,,
25/04/22,13:00:00,3,2,Lathyrus linifolius,?=8,,no,,,1,,,
25/04/22,13:03:00,3,2,Lathyrus linifolius,?=8,,no,,,1,,,
25/04/22,13:10:00,3,2,Scilla verna,?=9,,no,,,1,,,
25/04/22,13:17:00,3,2,Scilla verna,,,si,9,,1,,,
25/04/22,13:43:00,3,2,Scilla verna,?=10,,no,,,1,,,
25/04/22,13:48:00,3,2,Scilla verna,,,si,10,,1,,,
25/04/22,13:51:00,3,2,Scilla verna,?=13,,no,,,1,,,
25/04/22,13:53:00,3,2,Lathyrus linifolius,?=8,,no,,,1,,,
25/04/22,13:55:00,3,2,Scilla verna,,,si,11,,1,,,
25/04/22,13:58:00,3,2,Scilla verna,Bombus pascuorum,,no,,,1,,,
25/04/22,14:00:00,3,2,Scilla verna,?=7,,no,,,1,,,
25/04/22,14:02:00,3,2,Scilla verna,?=10,,no,,,1,,,
25/04/22,15:35:00,3,3,Bellis perennis,,,si,6,,1,,,
25/04/22,15:38:00,3,3,Potentilla erecta,?=13,,no,,,1,,,
25/04/22,15:39:00,3,3,Lathyrus linifolius,Bombus pascuorum,,no,,,1,,,
25/04/22,15:45:00,3,3,Taraxacum officinale,?=13,,no,,,1,,,
25/04/22,15:50:00,3,3,Lathyrus linifolius,?=8,,no,,,1,,,
25/04/22,15:58:00,3,3,Scilla verna,,,si,12,,1,,,
25/04/22,16:01:00,3,3,Lathyrus linifolius,Bombus pascuorum,,no,,,1,,,
25/04/22,16:03:00,3,3,Scilla verna,?=34,,no,,,1,,,
25/04/22,16:10:00,3,3,Potentilla erecta,?=11,,no,,,1,,,
25/04/22,16:15:00,3,3,Scilla verna,,,si,13,,1,,,
25/04/22,16:17:00,3,3,Scilla verna,?=6,,no,,,1,,,
25/04/22,16:17:00,3,3,Scilla verna,?=11,,no,,,1,,,
25/04/22,16:18:00,3,3,Scilla verna,?=13,,no,,,1,,,
25/04/22,16:23:00,3,3,Hippocrepis comosa,,,si,14,,1,,,
25/04/22,16:28:00,3,3,Potentilla montana,?=34,,no,,,1,,,
25/04/22,16:33:00,3,3,Taraxacum officinale,?=34,,no,,,1,,,
26/04/22,10:41:00,1,1,Taraxacum officinale,?=1,,no,,"Sol, no hay viento, calor",2,,,
26/04/22,10:43:00,1,1,Taraxacum officinale,?=12,,no,,,2,,,
26/04/22,10:44:00,1,1,Taraxacum officinale,?=12,,no,,,2,,,
26/04/22,10:50:00,1,1,Hutchinsia alpina,?=1,,no,,,2,,,
26/04/22,10:58:00,1,1,Taraxacum officinale,?=1,,no,,,2,,,
26/04/22,11:00:00,1,1,Vicia pyrenaica,,,si,15,,2,,,
26/04/22,11:04:00,1,1,Taraxacum officinale,?=1,,no,,,2,,,
26/04/22,11:05:00,1,1,Helleborus viridis,Bombus pascuorum,,no,,,2,,,
26/04/22,11:06:00,1,1,Helleborus viridis,Bombus pascuorum,,no,,,2,,,
26/04/22,11:10:00,1,1,Bellis perennis,,,si,16,,2,,,
26/04/22,11:14:00,1,1,Helleborus viridis,Bombus pascuorum,,no,,,2,,,
26/04/22,11:16:00,1,1,Bellis perennis,,,si,17,,2,,,
26/04/22,11:21:00,1,1,Taraxacum officinale,?=12,,no,,,2,,,
26/04/22,11:26:00,1,1,Bellis perennis,?=1,,no,,,2,,,
26/04/22,11:29:00,1,1,Bellis perennis,?=1,,no,,,2,,,
26/04/22,11:30:00,1,1,Bellis perennis,?=17,,no,,,2,,,
26/04/22,11:31:00,1,1,Hutchinsia alpina,?=17,,no,,,2,,,
26/04/22,11:33:00,1,1,Taraxacum officinale,?=11,,no,,,2,,,
26/04/22,11:38:00,1,1,Bellis perennis,?=17,,no,,,2,,,
26/04/22,12:59:00,1,2,Bellis perennis,?=1,,no,,,2,,,
26/04/22,13:01:00,1,2,Helleborus viridis,Apis mellifera,,no,,,2,,,
26/04/22,13:12:00,1,2,Helleborus viridis,,,si,18,,2,,,
26/04/22,13:03:00,1,2,Taraxacum officinale,?=12,,no,,,2,,,
26/04/22,13:18:00,1,2,Helleborus viridis,Bombus pascuorum,,no,,,2,,,
26/04/22,13:20:00,1,2,Helleborus viridis,Bombus pascuorum,,no,,,2,,,
26/04/22,13:21:00,1,2,Helleborus viridis,Bombus pascuorum,,no,,,2,,,
26/04/22,13:22:00,1,2,Bellis perennis,?=1,,no,,,2,,,
26/04/22,13:35:00,1,2,Helleborus viridis,Bombus pascuorum,,no,,,2,,,
26/04/22,13:37:00,1,2,Bellis perennis,?=1,,no,,,2,,,
26/04/22,13:38:00,1,2,Bellis perennis,?=1,,no,,,2,,,
26/04/22,13:41:00,1,2,Helleborus viridis,Bombus pascuorum,,no,,,2,,,
26/04/22,13:44:00,1,2,Helleborus viridis,Bombus terrestris reina,,no,,,2,,,
26/04/22,13:45:00,1,2,Helleborus viridis,Bombus pascuorum,,no,,,2,,,
26/04/22,13:50:00,1,2,Helleborus viridis,Bombus terrestris reina,,no,,,2,,,
26/04/22,13:51:00,1,2,Helleborus viridis,,,no,19,,2,,,
26/04/22,13:51:00,1,2,Oxalis acetosella,?=1,,no,,,2,,,
26/04/22,15:16:00,1,3,Helleborus viridis,Bombus terrestris reina,,no,,,2,,,
26/04/22,15:18:00,1,3,Viola riviniana,Bombus pascuorum,,no,,,2,,,
26/04/22,15:23:00,1,3,Helleborus viridis,,,no,20,,2,,,
26/04/22,15:24:00,1,3,Bellis perennis,?=1,,no,,,2,,,
26/04/22,15:26:00,1,3,Helleborus viridis,?=20,,no,,,2,,,
26/04/22,15:27:00,1,3,Helleborus viridis,Bombus pascuorum,,no,,,2,,,
26/04/22,15:29:00,1,3,Bellis perennis,?=6,,no,,,2,,,
26/04/22,15:30:00,1,3,Helleborus viridis,?=18,,no,,,2,,,
26/04/22,15:36:00,1,3,Bellis perennis,?=6,,no,,,2,,,
26/04/22,15:37:00,1,3,Helleborus viridis,Bombus pascuorum,,no,,,2,,,
26/04/22,15:42:00,1,3,Bellis perennis,?=6,,no,,,2,,,
26/04/22,15:44:00,1,3,Taraxacum officinale,?=1,,no,,,2,,,
26/04/22,15:44:00,1,3,Bellis perennis,?=6,,no,,,2,,,
26/04/22,15:45:00,1,3,Helleborus viridis,Apis mellifera,,no,,,2,,,
26/04/22,15:48:00,1,3,Helleborus viridis,Bombus pascuorum,,no,,,2,,,
26/04/22,15:43:00,1,3,Bellis perennis,?=1,,no,,,2,,,
26/04/22,15:54:00,1,3,Bellis perennis,?=1,,no,,,2,,,
26/04/22,15:56:00,1,3,Bellis perennis,?=1,,no,,,2,,,
26/04/22,15:57:00,1,3,Taraxacum officinale,?=12,,no,,,2,,,
26/04/22,15:59:00,1,3,Helleborus viridis,?=18,,no,,,2,,,
26/04/22,16:01:00,1,3,Helleborus viridis,Bombus terrestris reina,,no,,,2,,,
26/04/22,16:03:00,1,3,Helleborus viridis,Bombus terrestris reina,,no,,,2,,,
26/04/22,16:08:00,1,3,Viola riviniana,Bombus pascuorum,,no,,,2,,,
26/04/22,16:10:00,1,3,Taraxacum officinale,?=12,,no,,,2,,,
26/04/22,16:13:00,1,3,Bellis perennis,?=1,,no,,,2,,,
29/04/22,10:41:00,2,1,Taraxacum officinale,?=60,,no,,"Sol, no hay viento, calosr aprox. 15º",2,,,
29/04/22,10:50:00,2,1,Bellis perennis,?=12,,no,,,2,,,
29/04/22,11:00:00,2,1,Taraxacum officinale,?=30,,no,,,2,,,
29/04/22,11:05:00,2,1,Taraxacum officinale,?=30,,no,,,2,,,
29/04/22,13:12:00,2,2,Taraxacum officinale,?=1,,no,,,2,,,
29/04/22,13:14:00,2,2,Bellis perennis,,,si,21,,2,,,
29/04/22,13:15:00,2,2,Bellis perennis,?=30,,no,,,2,,,
29/04/22,13:16:00,2,2,Bellis perennis,?=30,,no,,,2,,,
29/04/22,13:18:00,2,2,Taraxacum officinale,?=12,,no,,,2,,,
29/04/22,13:21:00,2,2,Taraxacum officinale,?=30,,no,,,2,,,
29/04/22,13:21:00,2,2,Taraxacum officinale,?=30,,no,,,2,,,
29/04/22,13:22:00,2,2,Taraxacum officinale,?=30,,no,,,2,,,
29/04/22,13:26:00,2,2,Bellis perennis,?=21,,no,,,2,,,
29/04/22,13:29:00,2,2,Bellis perennis,?=30,,si,22,,2,,,
29/04/22,13:33:00,2,2,Bellis perennis,?=30,,no,,,2,,,
29/04/22,13:38:00,2,2,Taraxacum officinale,?=12,,no,,,2,,,
29/04/22,13:39:00,2,2,Taraxacum officinale,,,si,23,,2,,,
29/04/22,13:40:00,2,2,Bellis perennis,?=30,,no,,,2,,,
29/04/22,13:46:00,2,2,Bellis perennis,?=30,,no,,,2,,,
29/04/22,13:46:00,2,2,Bellis perennis,?=31,,no,,,2,,,
29/04/22,13:48:00,2,2,Potentilla sterilis,?=30,,no,,,2,,,
29/04/22,13:49:00,2,2,Potentilla sterilis,?=30,,no,,,2,,,
29/04/22,13:51:00,2,2,Taraxacum officinale,,,si,24,,2,,,
29/04/22,13:53:00,2,2,Bellis perennis,?=21,,no,,,2,,,
29/04/22,13:59:00,2,2,Bellis perennis,?=30,,no,,,2,,,
29/04/22,14:01:00,2,2,Taraxacum officinale,?=24,,no,,,2,,,
29/04/22,14:03:00,2,2,Helleborus viridis,Bombus terrestris,,no,,,2,,,
29/04/22,14:06:00,2,2,Taraxacum officinale,,,si,26,,2,,,
29/04/22,14:08:00,2,2,Taraxacum officinale,,,si,27,,2,,,
29/04/22,14:10:00,2,2,Bellis perennis,,,si,28,,2,,,
29/04/22,15:37:00,2,3,Taraxacum officinale,,,si,29,,2,,,
29/04/22,15:42:00,2,3,Bellis perennis,?=21,,no,,,2,,,
29/04/22,15:44:00,2,3,Ranunculus ficaria,?=29,,no,,,2,,,
29/04/22,15:46:00,2,3,Hepatica nobilis,?=30,,no,,,2,,,
29/04/22,15:47:00,2,3,Taraxacum officinale,Apis mellifera,,no,,,2,,,
29/04/22,15:49:00,2,3,Potentilla sterilis,?=24,,no,,,2,,,
29/04/22,15:50:00,2,3,Bellis perennis,?=30,,no,,,2,,,
29/04/22,15:51:00,2,3,Bellis perennis,?=30,,no,,,2,,,
29/04/22,15:51:00,2,3,Bellis perennis,?=30,,no,,,2,,,
29/04/22,15:53:00,2,3,Potentilla sterilis,,,si,30,,2,,,
29/04/22,15:55:00,2,3,Taraxacum officinale,?=24,,no,,,2,,,
29/04/22,15:56:00,2,3,Potentilla sterilis,?=31,,no,,,2,,,
29/04/22,15:57:00,2,3,Taraxacum officinale,?=30,,no,,,2,,,
29/04/22,16:00:00,2,3,Bellis perennis,?=21,,no,,,2,,,
29/04/22,16:01:00,2,3,Bellis perennis,?=1,,no,,,2,,,
29/04/22,16:02:00,2,3,Taraxacum officinale,?=24,,no,,,2,,,
29/04/22,16:05:00,2,3,Potentilla sterilis,,,si,31,,2,,,
29/04/22,16:07:00,2,3,Potentilla sterilis,?=30,,no,,,2,,,
29/04/22,16:08:00,2,3,Bellis perennis,?=21,,no,,,2,,,
29/04/22,16:08:00,2,3,Bellis perennis,?=30,,no,,,2,,,
29/04/22,16:08:00,2,3,Taraxacum officinale,?=24,,no,,,2,,,
29/04/22,16:09:00,2,3,Potentilla sterilis,?=31,,no,,,2,,,
29/04/22,16:15:00,2,3,Potentilla sterilis,?=31,,no,,,2,,,
29/04/22,16:19:00,2,3,Taraxacum officinale,?=31,,no,,,2,,,
29/04/22,16:22:00,2,3,Bellis perennis,?=24,,no,,,2,,,
29/04/22,16:24:00,2,3,Taraxacum officinale,?=12,,no,,,2,,,
29/04/22,16:25:00,2,3,Taraxacum officinale,?=10,,no,,,2,,,
29/04/22,16:27:00,2,3,Bellis perennis,?=30,,no,,,2,,,
29/04/22,16:28:00,2,3,Taraxacum officinale,?=12,,no,,,2,,,
29/04/22,17:33:00,2,3,Helleborus viridis,Bombus terrestris reina,,no,,,2,,,
30/04/22,11:26:00,4,1,Bellis perennis,?=21,,no,,Retraso transecto 1 por niebla,2,,,
30/04/22,11:28:00,4,1,Bellis perennis,?=6,,no,,"Sol, no hay viento",2,,,
30/04/22,11:30:00,4,1,Taraxacum officinale,?=12,,no,,,2,,,
30/04/22,11:38:00,4,1,Taraxacum officinale,?=6,,no,,,2,,,
30/04/22,11:41:00,4,1,Taraxacum officinale,?=6,,no,,,2,,,
30/04/22,11:42:00,4,1,Taraxacum officinale,?=6,,no,,,2,,,
30/04/22,11:43:00,4,1,Taraxacum officinale,?=12,,no,,,2,,,
30/04/22,13:04:00,4,2,Scilla verna,,,si,32,,2,,,
30/04/22,13:08:00,4,2,Vaccinium myrtillus,,,si,33,,2,,,
30/04/22,13:12:00,4,2,Scilla verna,,,si,34,,2,,,
30/04/22,13:16:00,4,2,Bellis perennis,?=32,,no,,,2,,,
30/04/22,13:17:00,4,2,Bellis perennis,?=32,,no,,,2,,,
30/04/22,13:18:00,4,2,Taraxacum officinale,?=12,,no,,,2,,,
30/04/22,13:20:00,4,2,Taraxacum officinale,?=13,,no,,,2,,,
30/04/22,13:21:00,4,2,Scilla verna,?=32,,no,,,2,,,
30/04/22,13:23:00,4,2,Taraxacum officinale,?=13,,no,,,2,,,
30/04/22,13:24:00,4,2,Taraxacum officinale,Apis mellifera,,no,,,2,,,
30/04/22,13:27:00,4,2,Bellis perennis,?=32,,no,,,2,,,
30/04/22,13:27:00,4,2,Bellis perennis,?=32,,no,,,2,,,
30/04/22,13:27:00,4,2,Bellis perennis,?=32,,no,,,2,,,
30/04/22,13:33:00,4,2,Scilla verna,?=32,,no,,,2,,,
30/04/22,13:37:00,4,2,Taraxacum officinale,?=12,,no,,,2,,,
30/04/22,13:41:00,4,2,Scilla verna,,,si,35,,2,,,
30/04/22,13:44:00,4,2,Taraxacum officinale,?=10,,no,,,2,,,
30/04/22,13:47:00,4,2,Taraxacum officinale,?=6,,no,,,2,,,
30/04/22,13:52:00,4,2,Taraxacum officinale,Apis mellifera,,no,,,2,,,
30/04/22,15:43:00,4,3,Taraxacum officinale,?=12,,no,,,2,,,
30/04/22,15:45:00,4,3,Taraxacum officinale,,,si,36,,2,,,
30/04/22,15:47:00,4,3,Taraxacum officinale,Apis mellifera,,no,,,2,,,
30/04/22,15:51:00,4,3,Taraxacum officinale,?=6,,no,,,2,,,
30/04/22,15:52:00,4,3,Bellis perennis,?=6,,no,,,2,,,
30/04/22,15:57:00,4,3,Scilla verna,?=32,,no,,,2,,,
30/04/22,16:01:00,4,3,Taraxacum officinale,Apis mellifera,,no,,,2,,,
30/04/22,16:02:00,4,3,Taraxacum officinale,Apis mellifera,,no,,,2,,,
30/04/22,16:05:00,4,3,Taraxacum officinale,?=6,,no,,,2,,,
30/04/22,16:10:00,4,3,Taraxacum officinale,Apis mellifera,,no,,,2,,,
30/04/22,16:21:00,4,3,Taraxacum officinale,?=35,,no,,,2,,,
30/04/22,16:23:00,4,3,Bellis perennis,?=32,,no,,,2,,,
04/05/22,10:45:00,5,1,,Ø,,,,"Niebla, sin viento. No hay polinizadores",2,,,
04/05/22,13:00:00,5,2,,Ø,,,,No hay polinizadores,2,,,
05/05/22,10:49:00,1,1,Viola riviniana,Bombus pascuorum,,no,,"Cálido, nublado,  no hay viento",3,,,
05/05/22,11:09:00,1,1,Helleborus viridis,Bombus pascuorum,,no,,,3,,,
05/05/22,11:17:00,1,1,Taraxacum officinale,?=1,,no,,,3,,,
05/05/22,11:18:00,1,1,Viola riviniana,Bombus pascuorum,,no,,,3,,,
05/05/22,11:21:00,1,1,Helleborus viridis,Bombus pascuorum,,no,,,3,,,
05/05/22,13:16:00,1,2,Helleborus viridis,Bombus pascuorum,,no,,,3,,,
05/05/22,13:19:00,1,2,Helleborus viridis,,,si,37,,3,,,
05/05/22,13:23:00,1,2,Viola riviniana,Bombus pascuorum,,no,,,3,,,
05/05/22,13:25:00,1,2,Taraxacum officinale,Bombus pascuorum,,no,,,3,,,
05/05/22,13:49:00,1,2,Helleborus viridis,Bombus pascuorum,,no,,,3,,,
05/05/22,13:54:00,1,2,Taraxacum officinale,Bombus pascuorum,,no,,,3,,,
05/05/22,13:55:00,1,2,Viola riviniana,Bombus pascuorum,,no,,,3,,,
05/05/22,15:35:00,1,3,Taraxacum officinale,Bombus pascuorum,,no,,,3,,,
05/05/22,15:37:00,1,3,Bellis perennis,?=1,,no,,,3,,,
05/05/22,15:45:00,1,3,Taraxacum officinale,Bombus pascuorum,,no,,,3,,,
05/05/22,15:55:00,1,3,Taraxacum officinale,Bombus pascuorum,,no,,,3,,,
05/05/22,15:58:00,1,3,Helleborus viridis,?=37,,no,,,3,,,
05/05/22,16:07:00,1,3,Taraxacum officinale,?=6,,no,,,3,,,
05/05/22,16:12:00,1,3,Bellis perennis,?=6,,no,,,3,,,
05/05/22,16:13:00,1,3,Helleborus viridis,Bombus pascuorum,,no,,,3,,,
05/05/22,16:15:00,1,3,Taraxacum officinale,Bombus pascuorum,,no,,,3,,,
06/05/22,10:45:00,3,1,,Ø,,,,"Cálido, nublado,  no hay viento. No hay polinizadores",2,,,
06/05/22,14:05:00,3,2,Lathyrus linifolius,Bombus lapidarius,,no,,,2,,,
06/05/22,15:41:00,3,3,Bellis perennis,?=6,,no,,,2,,,
06/05/22,16:07:00,3,3,Bellis perennis,?=1,,no,,,2,,,
06/05/22,16:09:00,3,3,Helleborus viridis,Bombus pascuorum,,no,,,2,,,
07/05/22,10:35:00,4,1,Taraxacum officinale,,,si,38,"Sol, despejado",3,,,
07/05/22,10:37:00,4,1,Taraxacum officinale,Eristalis sp.,,no,,,3,,,
07/05/22,10:40:00,4,1,Taraxacum officinale,?=11,,no,,,3,,,
07/05/22,10:44:00,4,1,Taraxacum officinale,Apis mellifera,,no,,,3,,,
07/05/22,10:50:00,4,1,Bellis perennis,?=21,,no,,,3,,,
07/05/22,10:52:00,4,1,Taraxacum officinale,Apis mellifera,,no,,,3,,,
07/05/22,10:56:00,4,1,Scilla verna,?=21,,no,,,3,,,
07/05/22,11:01:00,4,1,Potentilla erecta,?=34,,no,,,3,,,
07/05/22,11:08:00,4,1,Taraxacum officinale,Apis mellifera,,no,,,3,,,
07/05/22,11:09:00,4,1,Taraxacum officinale,Apis mellifera,,no,,,3,,,
07/05/22,11:11:00,4,1,Bellis perennis,?=21,,no,,,3,,,
07/05/22,11:12:00,4,1,Taraxacum officinale,?=13,,no,,,3,,,
07/05/22,11:14:00,4,1,Taraxacum officinale,?=11,,no,,,3,,,
07/05/22,11:16:00,4,1,Taraxacum officinale,Apis mellifera,,no,,,3,,,
07/05/22,11:20:00,4,1,Taraxacum officinale,?=13,,no,,,3,,,
07/05/22,11:23:00,4,1,Taraxacum officinale,Apis mellifera,,no,,,3,,,
07/05/22,11:23:00,4,1,Taraxacum officinale,Apis mellifera,,si,35,,3,,,
07/05/22,11:24:00,4,1,Taraxacum officinale,Apis mellifera,,no,,,3,,,
07/05/22,13:05:00,4,2,Potentilla erecta,?=13,,no,,,3,,,
07/05/22,13:08:00,4,2,Taraxacum officinale,Apis mellifera,,no,,,3,,,
07/05/22,13:09:00,4,2,Bellis perennis,?=6,,no,,,3,,,
07/05/22,13:10:00,4,2,Taraxacum officinale,Apis mellifera,,si,36,,3,,,
07/05/22,13:11:00,4,2,Taraxacum officinale,?=13,,no,,,3,,,
07/05/22,13:12:00,4,2,Scilla verna,?=21,,no,,,3,,,
07/05/22,13:14:00,4,2,Taraxacum officinale,?=13,,no,,,3,,,
07/05/22,13:25:00,4,2,Taraxacum officinale,?=11,,no,,,3,,,
07/05/22,13:27:00,4,2,Taraxacum officinale,?=11,,no,,,3,,,
07/05/22,13:27:00,4,2,Taraxacum officinale,?=34,,no,,,3,,,
07/05/22,13:30:00,4,2,Taraxacum officinale,?=11,,no,,,3,,,
07/05/22,13:37:00,4,2,Potentilla erecta,?=1,,no,,,3,,,
07/05/22,13:39:00,4,2,Potentilla erecta,?=13,,no,,,3,,,
07/05/22,13:42:00,4,2,Scilla verna,?=1,,no,,,3,,,
07/05/22,13:43:00,4,2,Taraxacum officinale,?=13,,no,,,3,,,
07/05/22,13:43:00,4,2,Scilla verna,?=1,,no,,,3,,,
07/05/22,13:45:00,4,2,Bellis perennis,?=34,,no,,,3,,,
07/05/22,13:45:00,4,2,Taraxacum officinale,?=39,,no,,,3,,,
07/05/22,13:46:00,4,2,Taraxacum officinale,Apis mellifera,,no,,,3,,,
07/05/22,13:47:00,4,2,Taraxacum officinale,,,si,40,Posible 40=11,3,,,
07/05/22,14:00:00,4,2,Taraxacum officinale,Apis mellifera,,no,,,3,,,
07/05/22,15:41:00,4,3,Taraxacum officinale,?=13,,no,,Viento,3,,,
07/05/22,15:44:00,4,3,Scilla verna,?=21,,no,,,3,,,
07/05/22,15:48:00,4,3,Taraxacum officinale,Apis mellifera,,no,,,3,,,
07/05/22,15:59:00,4,3,Taraxacum officinale,Apis mellifera,,no,,,3,,,
07/05/22,16:01:00,4,3,Bellis perennis,?=38,,no,,,3,,,
07/05/22,16:16:00,4,3,Potentilla erecta,?=6,,no,,,3,,,
07/05/22,16:23:00,4,3,Bellis perennis,?=6,,no,,,3,,,
07/05/22,16:23:00,4,3,Taraxacum officinale,Apis mellifera,,no,,,3,,,
07/05/22,16:24:00,4,3,Bellis perennis,?=6,,no,,,3,,,
09/05/22,11:10:00,5,1,Scilla verna, mariposa pequeña gris con puntos,,no,,"Sol, calor 20º , no hay viento.",3,,,
09/05/22,11:23:00,5,1,Scilla verna,?=1,,no,,,3,,,
09/05/22,11:30:00,5,1,Scilla verna,,,si,41,,3,,,
09/05/22,11:32:00,5,1,Scilla verna,?=41,,no,,,3,,,
09/05/22,11:41:00,5,1,Scilla verna,?=41,,no,,,3,,,
09/05/22,11:44:00,5,1,Scilla verna,,,si,44,,3,,,
09/05/22,11:52:00,5,1,Scilla verna,Apis mellifera,,no,,,3,,,
09/05/22,11:57:00,5,1,Pedicularis sylvatica,,,si,42,Curro: Anthopera sp. hembra,3,,,
09/05/22,13:23:00,5,2,Pedicularis sylvatica,,,si,43,Bombus lapidarius,3,,,
09/05/22,13:26:00,5,2,Scilla verna,?=45,,si,,,3,,,
09/05/22,13:31:00,5,2,Scilla verna,?=1,,no,,,3,,,
09/05/22,13:38:00,5,2,Scilla verna,?=41,,no,,,3,,,
09/05/22,13:39:00,5,2,Scilla verna,?=44,,no,,,3,,,
09/05/22,13:42:00,5,2,Scilla verna,?=1,,no,,,3,,,
09/05/22,13:49:00,5,2,Potentilla erecta,,,si,44,Posible 44=13,3,,,
09/05/22,14:04:00,5,2,Scilla verna,Apis mellifera,,no,,,3,,,
09/05/22,14:11:00,5,2,Scilla verna,,,si,45,,3,,,
09/05/22,14:14:00,5,2,Potentilla erecta,?=44,,no,,,3,,,
09/05/22,15:37:00,5,3,Potentilla erecta,?=44,,no,,,3,,,
09/05/22,15:40:00,5,3,Scilla verna,,,no,,mariposa pequeña gris con puntos,3,,,
09/05/22,15:45:00,5,3,Scilla verna,?=1,,no,,,3,,,
09/05/22,15:51:00,5,3,Scilla verna,?=1,,no,,,3,,,
09/05/22,15:51:00,5,3,Scilla verna,?=1,,no,,,3,,,
09/05/22,15:51:00,5,3,Scilla verna,?=1,,no,,,3,,,
09/05/22,15:58:00,5,3,Scilla verna,?=41,,no,,,3,,,
09/05/22,16:01:00,5,3,Scilla verna,Apis mellifera,,no,,,3,,,
09/05/22,16:11:00,5,3,Pedicularis sylvatica,,,si,46,,3,,,
09/05/22,16:14:00,5,3,Potentilla erecta,?=44,,no,,,3,,,
09/05/22,16:16:00,5,3,Scilla verna,Eristalis sp.,,no,,,3,,,
09/05/22,16:23:00,5,3,Scilla verna,Apis mellifera,,no,,,3,,,
09/05/22,16:30:00,5,3,Scilla verna,Apis mellifera,,no,,,3,,,
10/05/22,10:50:00,2,1,Helleborus viridis,?=11,,no,,"Sol, calor 20º, no hay viento",3,,,
10/05/22,10:55:00,2,1,Taraxacum officinale,?=30,,no,,,3,,,
10/05/22,10:56:00,2,1,Bellis perennis,?=30,,no,,,3,,,
10/05/22,11:00:00,2,1,Bellis perennis,?=30,,no,,,3,,,
10/05/22,11:10:00,2,1,Taraxacum officinale,?=30,,no,,,3,,,
10/05/22,11:12:00,2,1,Taraxacum officinale,Sphaerophoria scripta,hembra,no,,,3,,,
10/05/22,11:16:00,2,1,Taraxacum officinale,Apis mellifera,,no,,,3,,,
10/05/22,11:19:00,2,1,Taraxacum officinale,?=13,,no,,,3,,,
10/05/22,11:23:00,2,1,Bellis perennis,?=30,,no,,,3,,,
10/05/22,11:25:00,2,1,Taraxacum officinale,Apis mellifera,,no,,,3,,,
10/05/22,11:26:00,2,1,Taraxacum officinale,?=30,,no,,,3,,,
10/05/22,11:28:00,2,1,Taraxacum officinale,?=30,,no,,,3,,,
10/05/22,11:28:00,2,1,Bellis perennis,?=13,,no,,,3,,,
10/05/22,11:29:00,2,1,Taraxacum officinale,?=11,,no,,,3,,,
10/05/22,11:30:00,2,1,Taraxacum officinale,?=30,,no,,,3,,,
10/05/22,11:30:00,2,1,Taraxacum officinale,?=11,,no,,,3,,,
10/05/22,11:31:00,2,1,Taraxacum officinale,?=11,,no,,,3,,,
10/05/22,11:32:00,2,1,Viola riviniana,?=13,,no,,,3,,,
10/05/22,11:33:00,2,1,Taraxacum officinale,Apis mellifera,,no,,,3,,,
10/05/22,11:35:00,2,1,Taraxacum officinale,,,si,47,,3,,,
10/05/22,11:37:00,2,1,Taraxacum officinale,Sphaerophoria scripta,,no,,,3,,,
10/05/22,11:42:00,2,1,Taraxacum officinale,?=30,,no,,,3,,,
10/05/22,11:43:00,2,1,Bellis perennis,?=30,,no,,,3,,,
10/05/22,13:10:00,2,2,Bellis perennis,?=13,,no,,,3,,,
10/05/22,13:12:00,2,2,Bellis perennis,?=30,,no,,,3,,,
10/05/22,13:17:00,2,2,Viola riviniana,,,no,,,3,,,
10/05/22,13:18:00,2,2,Bellis perennis,?=30,,no,,,3,,,
10/05/22,13:25:00,2,2,Taraxacum officinale,Apis mellifera,,no,,,3,,,
10/05/22,13:32:00,2,2,Bellis perennis,?=30,,no,,,3,,,
10/05/22,13:32:00,2,2,Bellis perennis,?=30,,no,,,3,,,
10/05/22,13:33:00,2,2,Taraxacum officinale,,,si,49,,3,,,
10/05/22,13:34:00,2,2,Bellis perennis,?=30,,no,,,3,,,
10/05/22,13:42:00,2,2,Taraxacum officinale,?=49,,no,,,3,,,
10/05/22,13:44:00,2,2,Taraxacum officinale,Apis mellifera,,no,,,3,,,
10/05/22,13:44:00,2,2,Bellis perennis,?=30,,no,,,3,,,
10/05/22,13:45:00,2,2,Taraxacum officinale,Apis mellifera,,no,,,3,,,
10/05/22,13:45:00,2,2,Bellis perennis,?=30,,no,,,3,,,
10/05/22,13:45:00,2,2,Bellis perennis,?=52,,no,,,3,,,
10/05/22,13:46:00,2,2,Bellis perennis,?=30,,no,,,3,,,
10/05/22,13:47:00,2,2,Bellis perennis,?=30,,si,30,,3,,,
10/05/22,13:48:00,2,2,Taraxacum officinale,Apis mellifera,,no,,,3,,,
10/05/22,13:49:00,2,2,Taraxacum officinale,Apis mellifera,,no,,,3,,,
10/05/22,13:51:00,2,2,Taraxacum officinale,?=11,,no,,,3,,,
10/05/22,13:51:00,2,2,Bellis perennis,?=30,,no,,,3,,,
10/05/22,13:56:00,2,2,Taraxacum officinale,Apis mellifera,,no,,,3,,,
10/05/22,13:58:00,2,2,Bellis perennis,?=30,,no,,,3,,,
10/05/22,14:00:00,2,2,Taraxacum officinale,?=30,,si,31,,3,,,
10/05/22,14:01:00,2,2,Taraxacum officinale,Eristalis sp.,,no,,,3,,,
10/05/22,14:02:00,2,2,Taraxacum officinale,Apis mellifera,,no,,,3,,,
10/05/22,14:02:00,2,2,Taraxacum officinale,?=11,,no,,,3,,,
10/05/22,14:03:00,2,2,Taraxacum officinale,?=30,,no,,,3,,,
10/05/22,14:03:00,2,2,Bellis perennis,?=30,,no,,,3,,,
10/05/22,14:04:00,2,2,Bellis perennis,?=30,,no,,,3,,,
10/05/22,14:05:00,2,2,Taraxacum officinale,?=49,,no,,,3,,,
10/05/22,14:06:00,2,2,Taraxacum officinale,Eristalis sp.,,no,,,3,,,
10/05/22,15:40:00,2,3,Taraxacum officinale,Apis mellifera,,no,,,3,,,
10/05/22,15:42:00,2,3,Taraxacum officinale,?=13,,no,,,3,,,
10/05/22,15:43:00,2,3,Taraxacum officinale,?=11,,no,,,3,,,
10/05/22,15:46:00,2,3,Taraxacum officinale,,,si,50,,3,,,
10/05/22,15:47:00,2,3,Taraxacum officinale,Apis mellifera,,no,,,3,,,
10/05/22,15:49:00,2,3,Taraxacum officinale,?=49,,no,,,3,,,
10/05/22,15:54:00,2,3,Taraxacum officinale,,,si,51,,3,,,
10/05/22,15:57:00,2,3,Bellis perennis,,,si,52,,3,,,
10/05/22,15:58:00,2,3,Taraxacum officinale,Apis mellifera,,no,,,3,,,
10/05/22,16:00:00,2,3,Bellis perennis,?=30,,no,,,3,,,
10/05/22,16:02:00,2,3,Cardamine pratensis,Anthocharis cardamines,,no,,,3,,,
10/05/22,16:02:00,2,3,Bellis perennis,?=30,,no,,,3,,,
10/05/22,16:03:00,2,3,Taraxacum officinale,Apis mellifera,,no,,,3,,,
10/05/22,16:09:00,2,3,Taraxacum officinale,Apis mellifera,,no,,,3,,,
10/05/22,16:12:00,2,3,Bellis perennis,?=30,,no,,,3,,,
10/05/22,16:12:00,2,3,Taraxacum officinale,?=49,,no,,,3,,,
10/05/22,16:14:00,2,3,Viola riviniana,Bombus pascuorum,,no,,,3,,,
10/05/22,16:16:00,2,3,Taraxacum officinale,?=13,,no,,,3,,,
10/05/22,16:16:00,2,3,Taraxacum officinale,?=49,,no,,,3,,,
10/05/22,16:19:00,2,3,Bellis perennis,?=30,,no,,,3,,,
10/05/22,16:19:00,2,3,Taraxacum officinale,?=49,,no,,,3,,,
10/05/22,16:22:00,2,3,Taraxacum officinale,Bombus pascuorum,,no,,,3,,,
10/05/22,16:22:00,2,3,Taraxacum officinale,?=30,,no,,,3,,,
11/05/22,10:45:00,1,1,Taraxacum officinale,Pararge aegeria,,no,,,4,,,
11/05/22,10:49:00,1,1,Taraxacum officinale,Sphaerophoria scripta,macho,,,,4,,,
11/05/22,10:51:00,1,1,Taraxacum officinale,Sphaerophoria scripta,hembra,,,,4,,,
11/05/22,10:53:00,1,1,Taraxacum officinale,Apis mellifera,,,,,4,,,
11/05/22,10:54:00,1,1,Taraxacum officinale,?=13,,,,,4,,,
11/05/22,10:56:00,1,1,Taraxacum officinale,Apis mellifera,,,,,4,,,
11/05/22,10:56:00,1,1,Taraxacum officinale,Sphaerophoria scripta,macho,,,,4,,,
11/05/22,10:58:00,1,1,Taraxacum officinale,Sphaerophoria scripta,hembra,,,,4,,,
11/05/22,11:02:00,1,1,Taraxacum officinale,Sphaerophoria scripta,hembra,,,,4,,,
11/05/22,11:05:00,1,1,Bellis perennis,Sphaerophoria scripta,hembra,,,,4,,,
11/05/22,11:06:00,1,1,Pinguicula grandiflora,Sphaerophoria scripta,hembra,,,,4,,,
11/05/22,11:07:00,1,1,Taraxacum officinale,?=6,,,,,4,,,
11/05/22,11:12:00,1,1,Taraxacum officinale,Sphaerophoria scripta,hembra,,,,4,,,
11/05/22,11:13:00,1,1,Bellis perennis,Sphaerophoria scripta,hembra,,,,4,,,
11/05/22,11:20:00,1,1,Taraxacum officinale,Sphaerophoria scripta,hembra,,,,4,,,
11/05/22,11:23:00,1,1,Bellis perennis,Sphaerophoria scripta,macho,,,,4,,,
11/05/22,11:26:00,1,1,Bellis perennis,Sphaerophoria scripta,hembra,,,,4,,,
11/05/22,11:28:00,1,1,Taraxacum officinale,Apis mellifera,,,,,4,,,
11/05/22,11:30:00,1,1,Taraxacum officinale,Sphaerophoria scripta,hembra,,,,4,,,
11/05/22,11:30:00,1,1,Taraxacum officinale,Apis mellifera,,,,,4,,,
11/05/22,11:31:00,1,1,Taraxacum officinale,?=13,,,,,4,,,
11/05/22,11:39:00,1,1,Taraxacum officinale,,,si,53,,4,,,
11/05/22,11:40:00,1,1,Bellis perennis,?=52,,,,,4,,,
11/05/22,11:42:00,1,1,Taraxacum officinale,?=6,,,,,4,,,
11/05/22,11:42:00,1,1,Taraxacum officinale,Apis mellifera,,,,,4,,,
11/05/22,11:43:00,1,1,Bellis perennis,Sphaerophoria scripta,hembra,,,,4,,,
11/05/22,11:44:00,1,1,Taraxacum officinale,Sphaerophoria scripta,hembra,,,,4,,,
11/05/22,11:44:00,1,1,Bellis perennis,Sphaerophoria scripta,hembra,,,,4,,,
11/05/22,11:45:00,1,1,Bellis perennis,Sphaerophoria scripta,macho,,,,4,,,
11/05/22,11:46:00,1,1,Taraxacum officinale,Apis mellifera,,,,,4,,,
11/05/22,11:46:00,1,1,Bellis perennis,Sphaerophoria scripta,macho,,,,4,,,
11/05/22,13:23:00,1,2,Bellis perennis,Sphaerophoria scripta,hembra,,,,4,,,
11/05/22,13:25:00,1,2,Taraxacum officinale,Apis mellifera,,,,,4,,,
11/05/22,13:30:00,1,2,Hutchinsia alpina,Sphaerophoria scripta,hembra,,,,4,,,
11/05/22,13:35:00,1,2,Scilla verna,Apis mellifera,,,,,4,,,
11/05/22,13:38:00,1,2,Vicia pyrenaica,Bombus pascuorum,,,,,4,,,
11/05/22,13:40:00,1,2,Bellis perennis,?=34,,,,,4,,,
11/05/22,13:42:00,1,2,Bellis perennis,Sphaerophoria scripta,,,,,4,,,
11/05/22,13:48:00,1,2,Erysimum gorbeanum,Bombus terrestris reina,,,,,4,,,
11/05/22,13:53:00,1,2,Taraxacum officinale,Apis mellifera,,,,,4,,,
11/05/22,13:57:00,1,2,Bellis perennis,Pararge aegeria,,,,,4,,,
11/05/22,14:02:00,1,2,Helleborus viridis,,,si,54,,4,,,
11/05/22,14:03:00,1,2,Taraxacum officinale,Apis mellifera,,,,,4,,,
11/05/22,14:05:00,1,2,Helleborus viridis,Bombus pascuorum,,,,,4,,,
11/05/22,14:09:00,1,2,Helleborus viridis,Bombus pascuorum,,,,,4,,,
11/05/22,14:10:00,1,2,Helleborus viridis,Bombus pratorum,,,,,4,,,
11/05/22,14:11:00,1,2,Taraxacum officinale,Pararge aegeria,,,,,4,,,
11/05/22,14:13:00,1,2,Taraxacum officinale,Apis mellifera,,,,,4,,,
11/05/22,14:15:00,1,2,Taraxacum officinale,?=54,,,,,4,,,
11/05/22,14:17:00,1,2,Scilla verna,?=54,,,,,4,,,
11/05/22,15:42:00,1,3,Vicia pyrenaica,Bombus pascuorum,,,,,4,,,
11/05/22,15:45:00,1,3,Vicia pyrenaica,Bombus pascuorum,,,,,4,,,
11/05/22,15:48:00,1,3,Bellis perennis,?=1,,,,,4,,,
11/05/22,15:53:00,1,3,Taraxacum officinale,Bombus pascuorum,,,,,4,,,
11/05/22,15:54:00,1,3,Helleborus viridis,Bombus pascuorum,,,,,4,,,
11/05/22,15:56:00,1,3,Helleborus viridis,Bombus pascuorum,,,,,4,,,
11/05/22,15:58:00,1,3,Helleborus viridis,Bombus pascuorum,,,,,4,,,
11/05/22,16:10:00,1,3,Vicia pyrenaica,Bombus pascuorum,,,,,4,,,
11/05/22,16:13:00,1,3,Bellis perennis,?=6,,,,,4,,,
11/05/22,16:16:00,1,3,Bellis perennis,Sphaerophoria scripta,hembra,,,,4,,,
11/05/22,16:23:00,1,3,Taraxacum officinale,Apis mellifera,,,,,4,,,
11/05/22,16:38:00,1,3,Vicia pyrenaica,Bombus pascuorum,,,,"Niebla, empezamos transecto mas tarde",3,,,
12/05/22,11:05:00,3,1,Vicia pyrenaica,Bombus pascuorum,,,,,3,,,
12/05/22,11:10:00,3,1,Lathyrus linifolius,Bombus pascuorum,,,,,3,,,
12/05/22,11:52:00,3,1,Vicia pyrenaica,Bombus pascuorum,,,,,3,,,
12/05/22,13:15:00,3,2,Potentilla montana,?=13,,,,,3,,,
12/05/22,13:15:00,3,2,Potentilla montana,?=13,,,,,3,,,
12/05/22,13:18:00,3,2,Potentilla montana,Sphaerophoria scripta,macho,,,,3,,,
12/05/22,13:32:00,3,2,Hippocrepis comosa,,,si,55,,3,,,
12/05/22,13:38:00,3,2,Pilosella officinarum,Sphaerophoria scripta,macho,,,,3,,,
12/05/22,13:42:00,3,2,Ranunculus sp.,?=13,,,,,3,,,
12/05/22,13:46:00,3,2,Potentilla montana,Sphaerophoria scripta,macho,,,,3,,,
12/05/22,13:52:00,3,2,Lathyrus linifolius,,,si,56,,3,,,
12/05/22,13:56:00,3,2,Bellis perennis,?=6,,,,,3,,,
12/05/22,14:03:00,3,2,Potentilla montana,?=13,,,,,3,,,
12/05/22,14:14:00,3,2,Ranunculus sp.,?=10,,,,,3,,,
12/05/22,16:03:00,3,3,Vicia pyrenaica,Bombus pascuorum,,,,Enfria y empieza viento,3,,,
12/05/22,16:06:00,3,3,Vicia pyrenaica,Bombus pascuorum,,,,,3,,,
13/05/22,10:30:00,4,1,,,,,,"Niebla, no se hace T1",4,,,
13/05/22,13:03:00,4,2,Potentilla erecta,?=6,,,,,4,,,
13/05/22,13:20:00,4,2,Ranunculus sp.,Sphaerophoria scripta,macho,,,,4,,,
13/05/22,13:24:00,4,2,Potentilla erecta,Sphaerophoria scripta,macho,,,,4,,,
13/05/22,13:25:00,4,2,Taraxacum officinale,,,si,57,,4,,,
13/05/22,13:39:00,4,2,Potentilla erecta,?=34,,,,,4,,,
13/05/22,13:42:00,4,2,Potentilla erecta,?=34,,,,,4,,,
13/05/22,13:46:00,4,2,Potentilla erecta,?=57,,,,,4,,,
13/05/22,13:55:00,4,2,Potentilla erecta,?=34,,,,,4,,,
13/05/22,13:57:00,4,2,Potentilla erecta,?=6,,,,,4,,,
13/05/22,14:01:00,4,2,Taraxacum officinale,Apis mellifera,,,,,4,,,
13/05/22,14:03:00,4,2,Pedicularis sylvatica,?=56,,,,,4,,,
13/05/22,14:05:00,4,2,Taraxacum officinale,Apis mellifera,,,,,4,,,
13/05/22,14:05:00,4,2,Lathyrus linifolius,?=56,,,,,4,,,
13/05/22,15:53:00,4,3,Bellis perennis,?=35,,,,,4,,,
13/05/22,15:55:00,4,3,Ranunculus sp.,?=10,,,,,4,,,
13/05/22,16:00:00,4,3,Taraxacum officinale,Apis mellifera,,,,,4,,,
13/05/22,16:05:00,4,3,Taraxacum officinale,?=57,,,,,4,,,
13/05/22,16:08:00,4,3,Taraxacum officinale,Apis mellifera,,,,,4,,,
13/05/22,16:10:00,4,3,Taraxacum officinale,?=10,,,,,4,,,
13/05/22,16:12:00,4,3,Ranunculus sp.,?=6,,,,,4,,,
13/05/22,16:19:00,4,3,Potentilla erecta,?=10,,,,,4,,,
13/05/22,16:23:00,4,3,Potentilla erecta,?=34,,,,,4,,,
13/05/22,16:26:00,4,3,Taraxacum officinale,?=11,,,,,4,,,
13/05/22,16:37:00,4,3,Taraxacum officinale,Apis mellifera,,,,,4,,,
16/05/22,11:05:00,5,1,Ranunculus sp.,,,si,58,"Sol, buena Tª, brisita",4,,,
16/05/22,11:13:00,5,1,Daboecia cantabrica,,,si,59,,4,,,
16/05/22,11:22:00,5,1,Scorzonera humilis,Sphaerophoria scripta,hembra,,,,4,,,
16/05/22,11:24:00,5,1,Pedicularis sylvatica,Bombus pascuorum,,,,,4,,,
16/05/22,11:31:00,5,1,Scilla verna,Sphaerophoria scripta,macho,,,,4,,,
16/05/22,11:35:00,5,1,Scilla verna,Sphaerophoria scripta,macho,,,,4,,,
16/05/22,11:44:00,5,1,Scilla verna,,,si,60,,4,,,
16/05/22,13:20:00,5,2,Potentilla erecta,,,si,61,,4,,,
16/05/22,13:22:00,5,2,Ranunculus sp.,?=58,,,,,4,,,
16/05/22,13:22:00,5,2,Potentilla erecta,Sphaerophoria scripta,hembra,,,,4,,,
16/05/22,13:28:00,5,2,Pedicularis sylvatica,?=56,,,,,4,,,
16/05/22,13:32:00,5,2,Potentilla erecta,?=61,,,,,4,,,
16/05/22,13:44:00,5,2,Potentilla erecta,?=58,,,,,4,,,
16/05/22,13:50:00,5,2,Pedicularis sylvatica,Bombus lapidarius,,,,,4,,,
16/05/22,13:51:00,5,2,Potentilla erecta,Sphaerophoria scripta,macho,,,,4,,,
16/05/22,13:52:00,5,2,Scorzonera humilis,,,si,62,,4,,,
16/05/22,13:54:00,5,2,Potentilla erecta,Sphaerophoria scripta,hembra,,,,4,,,
16/05/22,14:01:00,5,2,Scilla verna,?=83,,,,,4,,,
16/05/22,14:11:00,5,2,Potentilla erecta,?=60,,,,,4,,,
16/05/22,14:17:00,5,2,Pedicularis sylvatica,Bombus lapidarius,,,,,4,,,
16/05/22,15:54:00,5,3,Pedicularis sylvatica,,,si,63,,4,,,
16/05/22,16:03:00,5,3,Potentilla erecta,Sphaerophoria scripta,hembra,,,,4,,,
16/05/22,16:10:00,5,3,Scilla verna,Sphaerophoria scripta,,,,,4,,,
16/05/22,16:25:00,5,3,Potentilla erecta,,,si,64,,4,,,
16/05/22,16:28:00,5,3,Potentilla erecta,Sphaerophoria scripta,macho,,,,4,,,
16/05/22,16:30:00,5,3,Potentilla erecta,?=61,,,,,4,,,
16/05/22,16:36:00,5,3,Potentilla erecta,?=61,,,,,4,,,
16/05/22,16:37:00,5,3,Potentilla erecta,?=10,,,,,4,,,
16/05/22,16:42:00,5,3,Potentilla erecta,Sphaerophoria scripta,,,,,4,,,
16/05/22,16:45:00,5,3,Scilla verna,?=11,,,,,4,,,
16/05/22,16:47:00,5,3,Potentilla erecta,Apis mellifera,,,,,4,,,
16/05/22,16:50:00,5,3,Potentilla erecta,Sphaerophoria scripta,,,,,4,,,
16/05/22,16:52:00,5,3,Pedicularis sylvatica,Bombus lapidarius,,,,,4,,,
17/05/22,10:30:00,2,1,,,,,,"Primero vamos Pt1, demasiado viento y vamos al 2",4,,,
17/05/22,13:05:00,2,2,Cardamine pratensis,Anthocharis cardamines,,,,,4,,,
17/05/22,13:06:00,2,2,Taraxacum officinale,Sphaerophoria scripta,macho,,,,4,,,
17/05/22,13:07:00,2,2,Bellis perennis,?=30,,,,,4,,,
17/05/22,13:08:00,2,2,Bellis perennis,?=1,,,,,4,,,
17/05/22,13:10:00,2,2,Taraxacum officinale,Apis mellifera,,,,,4,,,
17/05/22,13:14:00,2,2,Taraxacum officinale,?=10,,,,,4,,,
17/05/22,13:23:00,2,2,Taraxacum officinale,?=10,,,,,4,,,
17/05/22,13:25:00,2,2,Taraxacum officinale,?=11,,,,,4,,,
17/05/22,13:26:00,2,2,Taraxacum officinale,Apis mellifera,,,,,4,,,
17/05/22,13:28:00,2,2,Myosotis lamottiana,?=10,,,,,4,,,
17/05/22,13:30:00,2,2,Ranunculus sp.,?=10,,,,,4,,,
17/05/22,13:31:00,2,2,Ranunculus sp.,,,si,65,,4,,,
17/05/22,13:36:00,2,2,Bellis perennis,?=10,,,,,4,,,
17/05/22,13:39:00,2,2,Bellis perennis,Sphaerophoria scripta,macho,,,,4,,,
17/05/22,13:42:00,2,2,Cardamine pratensis,Pieris sp. Argazkia,,,,,4,,,
17/05/22,13:47:00,2,2,Bellis perennis,Sphaerophoria scripta,hembra,,,,4,,,
17/05/22,13:50:00,2,2,Taraxacum officinale,?=10,,,,,4,,,
17/05/22,13:52:00,2,2,Bellis perennis,?=52,,,,,4,,,
17/05/22,13:53:00,2,2,Cardamine pratensis,Pieris sp. Argazkia,,,,,4,,,
17/05/22,13:55:00,2,2,Bellis perennis,?=83,,,,,4,,,
17/05/22,14:06:00,2,2,Taraxacum officinale,?=66,,,,,4,,,
17/05/22,14:08:00,2,2,Hutchinsia alpina,Tximeleta marroi laranja bi begi handi,,,,,4,,,
17/05/22,14:10:00,2,2,Ranunculus sp.,,,si,66,,4,,,
17/05/22,14:12:00,2,2,Orchis mascula,?=10,,,,,4,,,
17/05/22,15:45:00,2,3,Taraxacum officinale,Apis mellifera,,,,,4,,,
17/05/22,15:50:00,2,3,Bellis perennis,?=1,,,,,4,,,
17/05/22,15:52:00,2,3,Ranunculus sp.,?=64,,,,,4,,,
17/05/22,15:57:00,2,3,Ranunculus sp.,?=11,,,,,4,,,
17/05/22,16:00:00,2,3,Bellis perennis,?=30,,,,,4,,,
17/05/22,16:04:00,2,3,Taraxacum officinale,?=1,,,,,4,,,
17/05/22,16:06:00,2,3,Bellis perennis,?=11,,,,,4,,,
17/05/22,16:10:00,2,3,Bellis perennis,?=52,,,,,4,,,
17/05/22,16:13:00,2,3,Ranunculus sp.,?=64,,,,,4,,,
17/05/22,16:15:00,2,3,Cardamine pratensis,Pieris sp. Argazkia,,,,,4,,,
17/05/22,16:16:00,2,3,Cardamine pratensis,Anthocharis cardamines,,,,,4,,,
17/05/22,16:17:00,2,3,Bellis perennis,Sphaerophoria scripta,hembra,,,,4,,,
17/05/22,16:20:00,2,3,Cardamine pratensis,,,si,67,,4,,,
17/05/22,16:24:00,2,3,Bellis perennis,?=66,,,,,4,,,
17/05/22,16:26:00,2,3,Bellis perennis,?=52,,,,,4,,,
17/05/22,16:27:00,2,3,Taraxacum officinale,?=64,,,,,4,,,
17/05/22,16:30:00,2,3,Bellis perennis,?=1,,,,,4,,,
17/05/22,16:30:00,2,3,Bellis perennis,?=1,,,,,4,,,
17/05/22,16:30:00,2,3,Bellis perennis,?=1,,,,,4,,,
17/05/22,16:31:00,2,3,Bellis perennis,?=10,,,,,4,,,
17/05/22,16:35:00,2,3,Bellis perennis,?=11,,,,,4,,,
18/05/22,10:42:00,3,1,Helianthemum nummularium,?=68,,,,"Sol, calor, poco viento",4,,,
18/05/22,10:45:00,3,1,Helianthemum nummularium,,,si,68,,4,,,
18/05/22,10:47:00,3,1,Ranunculus sp.,Sphaerophoria scripta,macho,,,,4,,,
18/05/22,10:49:00,3,1,Ranunculus sp.,?=69,,,,,4,,,
18/05/22,10:50:00,3,1,Ranunculus sp.,?=68,,,,,4,,,
18/05/22,10:59:00,3,1,Lotus corniculatus,Bombus lapidarius,,,,,4,,,
18/05/22,11:04:00,3,1,Ranunculus sp.,?=68,,,,,4,,,
18/05/22,11:10:00,3,1,Ranunculus sp.,,,si,69,,4,,,
18/05/22,11:19:00,3,1,Ranunculus sp.,Sphaerophoria scripta,hembra,,,,4,,,
18/05/22,11:30:00,3,1,Ranunculus sp.,?=69,,,,,4,,,
18/05/22,11:39:00,3,1,Ranunculus sp.,?=68,,,,,4,,,
18/05/22,13:07:00,3,2,Helianthemum nummularium,,,si,70,,4,,,
18/05/22,13:26:00,3,2,Hippocrepis comosa,,,si,71,,4,,,
18/05/22,13:30:00,3,2,Pilosella officinarum,?=11,,,,,4,,,
18/05/22,13:40:00,3,2,Potentiila erecta,?=13,,,,,4,,,
18/05/22,13:45:00,3,2,Helianthemum nummularium,?=70,,,,,4,,,
18/05/22,13:52:00,3,2,Potentilla erecta,?=68,,,,,4,,,
18/05/22,13:54:00,3,2,Potentilla erecta,Sphaerophoria scripta,macho,,,,4,,,
18/05/22,13:55:00,3,2,Potentilla erecta,Sphaerophoria scripta,macho,,,,4,,,
18/05/22,14:03:00,3,2,Thymus praecox subsp. Polytrichus,,,si,72,,4,,,
18/05/22,14:10:00,3,2,Potentilla montana,?=13,,,,,4,,,
18/05/22,14:14:00,3,2,Bellis perennis,Sphaerophoria scripta,hembra,,,,4,,,
18/05/22,15:46:00,3,3,Vicia pyrenaica,Bombus pascuorum,,,,,4,,,
18/05/22,15:51:00,3,3,Ranunculus sp.,?=13,,,,,4,,,
18/05/22,15:57:00,3,3,Potentilla erecta,Sphaerophoria scripta,,,,,4,,,
18/05/22,16:08:00,3,3,Potentilla erecta,Sphaerophoria scripta,hembra,,,,4,,,
18/05/22,16:10:00,3,3,Vicia pyrenaica,?=56,,,,,4,,,
18/05/22,16:18:00,3,3,Ranunculus sp.,?=34,,,,,4,,,
18/05/22,16:25:00,3,3,Bellis perennis,?=13,,,,,4,,,
18/05/22,16:28:00,3,3,Potentilla montana,?=13,,,,,4,,,
18/05/22,16:29:00,3,3,Potentilla montana,?=13,,,,,4,,,
18/05/22,16:35:00,3,3,Bellis perennis,Sphaerophoria scripta,macho,,,,4,,,
19/05/22,10:38:00,1,1,Taraxacum officinale,Eristalis sp.,,,,"Sol, calor, poco viento",5,,,
19/05/22,10:42:00,1,1,Vicia pyrenaica,Bombus pascuorum,,,,,5,,,
19/05/22,10:44:00,1,1,Taraxacum officinale,Eristalis sp.,,,,,5,,,
19/05/22,10:45:00,1,1,Ranunculus sp.,Eristalis sp.,,,,,5,,,
19/05/22,10:45:00,1,1,Ranunculus sp.,?=13,,,,,5,,,
19/05/22,10:47:00,1,1,Taraxacum officinale,Sphaerophoria scripta,,,,,5,,,
19/05/22,10:47:00,1,1,Taraxacum officinale,Eristalis sp.,,,,,5,,,
19/05/22,10:49:00,1,1,Taraxacum officinale,Sphaerophoria scripta,hembra,,,,5,,,
19/05/22,10:55:00,1,1,Taraxacum officinale,Sphaerophoria scripta,hembra,,,,5,,,
19/05/22,10:56:00,1,1,Bellis perennis,Sphaerophoria scripta,hembra,,,,5,,,
19/05/22,10:57:00,1,1,Taraxacum officinale,?=59,,,,,5,,,
19/05/22,11:00:00,1,1,Taraxacum officinale,Eristalis sp.,,,,,5,,,
19/05/22,11:01:00,1,1,Taraxacum officinale,Sphaerophoria scripta,macho,,,,5,,,
19/05/22,11:03:00,1,1,Taraxacum officinale,?=10,,,,,5,,,
19/05/22,11:04:00,1,1,Taraxacum officinale,Eristalis sp.,,,,,5,,,
19/05/22,11:04:00,1,1,Bellis perennis,?=68,,,,,5,,,
19/05/22,11:08:00,1,1,Taraxacum officinale,?=11,,,,,5,,,
19/05/22,11:09:00,1,1,Bellis perennis,Sphaerophoria scripta,,,,,5,,,
19/05/22,11:10:00,1,1,Bellis perennis,Sphaerophoria scripta,,,,,5,,,
19/05/22,11:10:00,1,1,Bellis perennis,?=52,,,,,5,,,
19/05/22,11:12:00,1,1,Taraxacum officinale,?=59,,,,,5,,,
19/05/22,11:13:00,1,1,Taraxacum officinale,Sphaerophoria scripta,hembra,,,,5,,,
19/05/22,11:15:00,1,1,Taraxacum officinale,?=11,,,,,5,,,
19/05/22,11:18:00,1,1,Taraxacum officinale,,,si,73,,5,,,
19/05/22,11:19:00,1,1,Geranium robertianum,?=13,,,,,5,,,
19/05/22,11:22:00,1,1,Taraxacum officinale,Sphaerophoria scripta,,,,,5,,,
19/05/22,11:23:00,1,1,Taraxacum officinale,,,si,74,,5,,,
19/05/22,11:24:00,1,1,Vicia pyrenaica,Bombus terrestris,,,,,5,,,
19/05/22,11:25:00,1,1,Bellis perennis,Sphaerophoria scripta,,,,,5,,,
19/05/22,11:25:00,1,1,Vicia pyrenaica,Bombus pascuorum,,,,,5,,,
19/05/22,11:28:00,1,1,Medicago lupulina,Sphaerophoria scripta,hembra,,,,5,,,
19/05/22,11:31:00,1,1,Bellis perennis,Sphaerophoria scripta,macho,,,,5,,,
19/05/22,11:40:00,1,1,Ranunculus sp.,Sphaerophoria scripta,,,,,5,,,
19/05/22,11:45:00,1,1,Bellis perennis,Sphaerophoria scripta,macho,,,,5,,,
19/05/22,11:47:00,1,1,Ranunculus sp.,?=64,,,,,5,,,
19/05/22,13:05:00,1,2,Vicia pyrenaica,Bombus pascuorum,,,,,5,,,
19/05/22,13:08:00,1,2,Bellis perennis,Sphaerophoria scripta,hembra,,,,5,,,
19/05/22,13:11:00,1,2,Bellis perennis,Sphaerophoria scripta,macho,,,,5,,,
19/05/22,13:17:00,1,2,Vicia pyrenaica,Bombus pascuorum,,,,,5,,,
19/05/22,13:19:00,1,2,Vicia pyrenaica,?=75,,,,,5,,,
19/05/22,13:25:00,1,2,Vicia pyrenaica,Bombus pascuorum,,,,,5,,,
19/05/22,13:27:00,1,2,Bellis perennis,Sphaerophoria scripta,,,,,5,,,
19/05/22,13:30:00,1,2,Bellis perennis,Sphaerophoria scripta,,,,,5,,,
19/05/22,13:33:00,1,2,Bellis perennis,Sphaerophoria scripta,,,,,5,,,
19/05/22,13:35:00,1,2,Medicago lupulina,?=13,,,,,5,,,
19/05/22,13:40:00,1,2,Bellis perennis,Sphaerophoria scripta,,,,,5,,,
19/05/22,13:42:00,1,2,Bellis perennis,Sphaerophoria scripta,macho,,,,5,,,
19/05/22,13:42:00,1,2,Bellis perennis,Sphaerophoria scripta,macho,,,,5,,,
19/05/22,13:45:00,1,2,Ranunculus sp.,?=13,,,,,5,,,
19/05/22,13:48:00,1,2,Vicia pyrenaica,Bombus lapidarius,,,,,5,,,
19/05/22,13:52:00,1,2,Bellis perennis,Sphaerophoria scripta,,,,,5,,,
19/05/22,13:53:00,1,2,Taraxacum officinale,Pararge aegeria,,,,,5,,,
19/05/22,14:00:00,1,2,Bellis perennis,Sphaerophoria scripta,macho,,,,5,,,
19/05/22,14:04:00,1,2,Bellis perennis,Sphaerophoria scripta,hembra,,,,5,,,
19/05/22,14:06:00,1,2,Bellis perennis,Sphaerophoria scripta,,,,,5,,,
19/05/22,14:06:00,1,2,Bellis perennis,Sphaerophoria scripta,,,,,5,,,
19/05/22,14:08:00,1,2,Ranunculus sp.,?=73,,,,,5,,,
19/05/22,14:08:00,1,2,Vicia pyrenaica,Bombus pascuorum,,,,,5,,,
19/05/22,14:10:00,1,2,Bellis perennis,Sphaerophoria scripta,hembra,,,,5,,,
19/05/22,14:11:00,1,2,Erinus alpinus,Bombylius sp.,,si,76,,5,,,
19/05/22,14:12:00,1,2,Erinus alpinus,Bombus pascuorum,,,,,5,,,
19/05/22,15:45:00,1,3,Vicia pyrenaica,Bombus pascuorum,,,,,5,,,
19/05/22,15:49:00,1,3,Vicia pyrenaica,Bombus pascuorum,,,,,5,,,
19/05/22,15:51:00,1,3,Vicia pyrenaica,,,si,75,,5,,,
19/05/22,15:55:00,1,3,Vicia pyrenaica,Bombus pascuorum,,,,,5,,,
19/05/22,16:06:00,1,3,Vicia pyrenaica,Bombus pascuorum,,,,,5,,,
19/05/22,16:10:00,1,3,Vicia pyrenaica,Bombus pascuorum,,,,,5,,,
19/05/22,16:17:00,1,3,Bellis perennis,Sphaerophoria scripta,macho,,,,5,,,
19/05/22,16:23:00,1,3,Vicia pyrenaica,Bombus pascuorum,,,,,5,,,
19/05/22,16:25:00,1,3,Medicago lupulina,?=73,,,,,5,,,
19/05/22,16:27:00,1,3,Medicago lupulina,?=13,,,,,5,,,
19/05/22,16:30:00,1,3,Bellis perennis,Sphaerophoria scripta,macho,,,,5,,,
19/05/22,16:30:00,1,3,Vicia pyrenaica,Bombus pascuorum,,,,,5,,,
19/05/22,16:30:00,1,3,Bellis perennis,Sphaerophoria scripta,macho,,,,5,,,
19/05/22,16:30:00,1,3,Vicia pyrenaica,?=75,,,,,5,,,
19/05/22,16:31:00,1,3,Vicia pyrenaica,Bombus lapidarius,,,,,5,,,
19/05/22,16:32:00,1,3,Ranunculus sp.,?=73,,,,,5,,,
19/05/22,16:33:00,1,3,Bellis perennis,Sphaerophoria scripta,macho,,,,5,,,
19/05/22,16:34:00,1,3,Bellis perennis,Sphaerophoria scripta,macho,,,,5,,,
19/05/22,16:34:00,1,3,Bellis perennis,Sphaerophoria scripta,hembra,,,,5,,,
19/05/22,16:35:00,1,3,Bellis perennis,Sphaerophoria scripta,macho,,,,5,,,
19/05/22,16:35:00,1,3,Bellis perennis,Sphaerophoria scripta,macho,,,,5,,,
19/05/22,16:37:00,1,3,Bellis perennis,Sphaerophoria scripta,macho,,,,5,,,
19/05/22,16:42:00,1,3,Bellis perennis,?=10,,,,,5,,,
19/05/22,16:43:00,1,3,Hutchinsia alpina,Sphaerophoria scripta,hembra,,,,5,,,
20/05/22,10:44:00,4,1,Ranunculus sp.,,,si,77,"Calor, nada de viento, nublado",5,,,
20/05/22,10:46:00,4,1,Ranunculus sp.,,,si,78,,5,,,
20/05/22,10:55:00,4,1,Potentilla erecta,Sphaerophoria scripta,macho,,,,5,,,
20/05/22,11:01:00,4,1,Ranunculus sp.,Sphaerophoria scripta,hembra,,,,5,,,
20/05/22,13:13:00,4,2,Veronica officinalis,Bombus terrestris,,,,,5,,,
20/05/22,13:15:00,4,2,Veronica officinalis,Coenonympha pamphilus,,,,,5,,,
20/05/22,13:29:00,4,2,Ranunculus sp.,?=1,,,,,5,,,
20/05/22,13:29:00,4,2,Ranunculus sp.,?=1,,,,,5,,,
20/05/22,13:34:00,4,2,Polygala vulgaris,Sphaerophoria scripta,macho,,,,5,,,
20/05/22,13:45:00,4,2,Ranunculus sp.,Sphaerophoria scripta,macho,,,,5,,,
20/05/22,13:46:00,4,2,Ranunculus sp.,?=1,,,,,5,,,
20/05/22,13:52:00,4,2,Polygala vulgaris,Bombus terrestris,,,,,5,,,
20/05/22,13:53:00,4,2,Potentilla erecta,Sphaerophoria scripta,macho,,,,5,,,
20/05/22,13:55:00,4,2,Potentilla erecta,,,si,79,,5,,,
20/05/22,13:56:00,4,2,Veronica officinalis,?=10,,,,,5,,,
20/05/22,14:03:00,4,2,Potentilla erecta,?=13,,,,,5,,,
20/05/22,14:04:00,4,2,Potentilla erecta,?=13,,,,,5,,,
20/05/22,14:05:00,4,2,Potentilla erecta,?=13,,,,,5,,,
20/05/22,14:12:00,4,2,Potentilla erecta,Sphaerophoria scripta,,,,,5,,,
30/05/22,10:45:00,5,1,Ranunculus sp.,?=10,,,,"sol, sin viento, Tª templada",5,,,
30/05/22,10:55:00,5,1,Scorzonera humilis,,,si,80,,5,,,
30/05/22,11:00:00,5,1,Scorzonera humilis,?=83,,,,,5,,,
30/05/22,11:19:00,5,1,Potentilla erecta,?=83,,,,,5,,,
30/05/22,11:25:00,5,1,Scorzonera humilis,?=83,,,,,5,,,
30/05/22,11:30:00,5,1,Scorzonera humilis,,,si,81,,5,,,
30/05/22,11:32:00,5,1,Pedicularis sylvatica,Bombus pascuorum,,,,,5,,,
30/05/22,11:36:00,5,1,Scorzonera humilis,,,si,82,,5,,,
30/05/22,11:38:00,5,1,Ranunculus sp.,,,si,83,,5,,,
30/05/22,13:15:00,5,2,Ranunculus sp.,Eristalis sp.,,,,,5,,,
30/05/22,13:17:00,5,2,Ranunculus sp.,?=83,,,,,5,,,
30/05/22,13:17:00,5,2,Ranunculus sp.,?=83,,,,,5,,,
30/05/22,13:17:00,5,2,Ranunculus sp.,?=83,,,,,5,,,
30/05/22,13:19:00,5,2,Potentilla erecta,Sphaerophoria scripta,,,,,5,,,
30/05/22,13:20:00,5,2,Potentilla erecta,Sphaerophoria scripta,,,,,5,,,
30/05/22,13:24:00,5,2,Scorzonera humilis,,,si,84,,5,,,
30/05/22,13:28:00,5,2,Potentilla erecta,Sphaerophoria scripta,,,,,5,,,
30/05/22,13:28:00,5,2,Potentilla erecta,Sphaerophoria scripta,,,,,5,,,
30/05/22,13:39:00,5,2,Pedicularis sylvatica,Bombus pascuorum,,,,,5,,,
30/05/22,13:54:00,5,2,Scorzonera humilis,?=80,,,,,5,,,
30/05/22,13:57:00,5,2,Scorzonera humilis,,,si,85,,5,,,
30/05/22,14:06:00,5,2,Potentilla erecta,Eupeodes sp.,,,,,5,,,
30/05/22,14:08:00,5,2,Ranunculus sp.,?=83,,,,,5,,,
30/05/22,14:08:00,5,2,Ranunculus sp.,Pyrgus sp.,,,,,5,,,
30/05/22,14:10:00,5,2,Scorzonera humilis,,,si,86,,5,,,
30/05/22,15:38:00,5,3,Scorzonera humilis,,,si,87,,5,,,
30/05/22,15:48:00,5,3,Potentilla erecta,Sphaerophoria scripta,,,,,5,,,
30/05/22,15:50:00,5,3,Potentilla erecta,?=11,,,,,5,,,
30/05/22,15:57:00,5,3,Potentilla erecta,Eupeodes sp.,,,,,5,,,
30/05/22,16:10:00,5,3,Potentilla erecta,Sphaerophoria scripta,,,,,5,,,
30/05/22,16:15:00,5,3,Pedicularis sylvatica,Bombus pascuorum,,,,,5,,,
30/05/22,16:17:00,5,3,Ranunculus sp.,?=83,,,,,5,,,
30/05/22,16:17:00,5,3,Ranunculus sp.,?=83,,,,,5,,,
30/05/22,16:17:00,5,3,Ranunculus sp.,?=83,,,,,5,,,
30/05/22,16:17:00,5,3,Scorzonera humilis,Bombus pascuorum,,,,,5,,,
30/05/22,16:20:00,5,3,Ranunculus sp.,?=83,,,,,5,,,
30/05/22,16:22:00,5,3,Daboecia cantabrica,Bombus pascuorum,,,,,5,,,
30/05/22,16:25:00,5,3,Daboecia cantabrica,Bombus lapidarius,,,,,5,,,
30/05/22,16:26:00,5,3,Daboecia cantabrica,Bombus pascuorum,,,,,5,,,
30/05/22,16:39:00,5,3,Daboecia cantabrica,,,si,88,,5,,,
30/05/22,16:42:00,5,3,Ranunculus sp.,?=83,,,,,5,,,
30/05/22,16:42:00,5,3,Ranunculus sp.,?=83,,,,,5,,,
30/05/22,16:42:00,5,3,Ranunculus sp.,Sphaerophoria scripta,,,,,5,,,
30/05/22,16:43:00,5,3,Scorzonera humilis,Bombus lapidarius,,,,,5,,,
31/05/22,10:52:00,3,1,Ranunculus sp.,?=70,,,,"Sol, calor, nada de viento",5,,,
31/05/22,11:12:00,3,1,Ranunculus sp.,?=70,,,,,5,,,
31/05/22,11:27:00,3,1,Ranunculus sp.,Sphaerophoria scripta,,,,,5,,,
31/05/22,11:28:00,3,1,Ranunculus sp.,?=13,,,,,5,,,
31/05/22,13:19:00,3,2,Ranunculus sp.,Sphaerophoria scripta,,,,,5,,,
31/05/22,13:27:00,3,2,Thymus praecox subsp. Polytrichus,Sphaerophoria scripta,macho,,,,5,,,
31/05/22,13:29:00,3,2,Lotus corniculatus,Bombus pascuorum,,,,,5,,,
31/05/22,13:44:00,3,2,Lotus corniculatus,,,si,89,,5,,,
31/05/22,13:50:00,3,2,Lotus corniculatus,?=89,,,,,5,,,
31/05/22,13:54:00,3,2,Helianthemum nummularium,,,si,90,,5,,,
31/05/22,13:57:00,3,2,Lotus corniculatus,,,si,91,,5,,,
31/05/22,14:00:00,3,2,Ranunculus sp.,?=11,,,,,5,,,
31/05/22,14:04:00,3,2,Helianthemum nummularium,,,si,92,,5,,,
31/05/22,14:17:00,3,2,Helianthemum nummularium,?=92,,,,,5,,,
31/05/22,15:35:00,3,3,Trifolium repens,Bombus lapidarius,,,,,5,,,
31/05/22,15:47:00,3,3,Ranunculus sp.,?=11,,,,,5,,,
31/05/22,15:55:00,3,3,Lotus corniculatus,,,si,93,,5,,,
31/05/22,16:07:00,3,3,Lotus corniculatus,?=13,,,,,5,,,
31/05/22,16:08:00,3,3,Lotus corniculatus,?=91,,,,,5,,,
31/05/22,16:09:00,3,3,Potentilla erecta,?=13,,,,,5,,,
31/05/22,16:10:00,3,3,Bellis perennis,Sphaerophoria scripta,,,,,5,,,
31/05/22,16:20:00,3,3,Ranunculus sp.,?=13,,,,,5,,,
31/05/22,16:27:00,3,3,Potentilla erecta,?=13,,,,,5,,,
31/05/22,16:37:00,3,3,Thymus praecox subsp. Polytrichus,Sphaerophoria scripta,,,,,5,,,
31/05/22,16:39:00,3,3,Thymus praecox subsp. Polytrichus,?=93,,,,,5,,,
31/05/22,16:41:00,3,3,Bellis perennis,Sphaerophoria scripta,,,,,5,,,
01/06/22,10:45:00,2,1,Fragaria vesca,?=94,,,,"Sol, sin viento calor",5,,,
01/06/22,10:56:00,2,1,Myosotis lamottiana,Sphaerophoria scripta,,,,,5,,,
01/06/22,11:01:00,2,1,Ajuga reptans,Bombus sp.,,,,,5,,,
01/06/22,11:05:00,2,1,Bellis perennis,,,si,94,,5,,,
01/06/22,11:10:00,2,1,Hypochaeris radicata,?=94,,,,,5,,,
01/06/22,11:12:00,2,1,Hypochaeris radicata,?=94,,,,,5,,,
01/06/22,11:15:00,2,1,Bellis perennis,Sphaerophoria scripta,,,,,5,,,
01/06/22,11:17:00,2,1,Ranunculus sp.,?=83,,,,,5,,,
01/06/22,11:31:00,2,1,Hypochaeris radicata,?=30,,,,,5,,,
01/06/22,11:33:00,2,1,Hypochaeris radicata,?=94,,,,,5,,,
01/06/22,13:12:00,2,2,Potentilla erecta,Sphaerophoria scripta,,,,,5,,,
01/06/22,13:15:00,2,2,Veronica officinalis,?=10,,,,,5,,,
01/06/22,13:16:00,2,2,Veronica officinalis,?=11,,,,,5,,,
01/06/22,13:20:00,2,2,Potentilla erecta,?=11,,,,,5,,,
01/06/22,13:23:00,2,2,Potentilla erecta,?=94,,,,,5,,,
01/06/22,13:24:00,2,2,Bellis perennis,Sphaerophoria scripta,,,,,5,,,
01/06/22,13:24:00,2,2,Veronica chamaedrys,Sphaerophoria scripta,hembra,,,,5,,,
01/06/22,13:25:00,2,2,Ranunculus sp.,Sphaerophoria scripta,macho,,,,5,,,
01/06/22,13:35:00,2,2,Myosotis lamottiana,Sphaerophoria scripta,macho,,,,5,,,
01/06/22,13:36:00,2,2,Myosotis lamottiana,?=94,,,,,5,,,
01/06/22,13:39:00,2,2,Myosotis lamottiana,,,si,95,,5,,,
01/06/22,13:40:00,2,2,Ranunculus sp.,,,si,96,,5,,,
01/06/22,13:42:00,2,2,Bellis perennis,Eristalis sp.,,,,,5,,,
01/06/22,13:43:00,2,2,Bellis perennis,Sphaerophoria scripta,macho,,,,5,,,
01/06/22,13:43:00,2,2,Myosotis lamottiana,Sphaerophoria scripta,macho,,,,5,,,
01/06/22,13:44:00,2,2,Potentilla erecta,Sphaerophoria scripta,hembra,,,,5,,,
01/06/22,13:47:00,2,2,Ajuga reptans,Bombus pascuorum,,,,,5,,,
01/06/22,13:48:00,2,2,Bellis perennis,?=30,,,,,5,,,
01/06/22,13:49:00,2,2,Myosotis lamottiana,Sphaerophoria scripta,,,,,5,,,
01/06/22,13:52:00,2,2,Myosotis lamottiana,,,si,97,,5,,,
01/06/22,13:55:00,2,2,Bellis perennis,Sphaerophoria scripta,,,,,5,,,
01/06/22,13:56:00,2,2,Veronica officinalis,?=94,,,,,5,,,
01/06/22,13:56:00,2,2,Potentilla erecta,?=94,,,,,5,,,
01/06/22,14:00:00,2,2,Potentilla erecta,,,si,98,,5,,,
01/06/22,14:01:00,2,2,Bellis perennis,Sphaerophoria scripta,macho,,,,5,,,
01/06/22,14:03:00,2,2,Ranunculus sp.,?=94,,,,,5,,,
01/06/22,14:06:00,2,2,Bellis perennis,?=30,,,,,5,,,
01/06/22,14:10:00,2,2,Bellis perennis,?=10,,,,,5,,,
01/06/22,14:12:00,2,2,Bellis perennis,Sphaerophoria scripta,,,,,5,,,
01/06/22,14:15:00,2,2,Bellis perennis,Sphaerophoria scripta,,,,,5,,,
01/06/22,15:35:00,2,3,Bellis perennis,?=97,,,,,5,,,
01/06/22,15:38:00,2,3,Myosotis lamottiana,Sphaerophoria scripta,,,,,5,,,
01/06/22,15:40:00,2,3,Myosotis lamottiana,?=94,,,,,5,,,
01/06/22,15:41:00,2,3,Bellis perennis,Sphaerophoria scripta,,,,,5,,,
01/06/22,15:42:00,2,3,Ajuga reptans,Bombus lapidarius,,,,,5,,,
01/06/22,15:42:00,2,3,Bellis perennis,Sphaerophoria scripta,hembra,,,,5,,,
01/06/22,15:43:00,2,3,Bellis perennis,?=13,,,,,5,,,
01/06/22,15:43:00,2,3,Myosotis lamottiana,Sphaerophoria scripta,macho,,,,5,,,
01/06/22,15:44:00,2,3,Bellis perennis,?=30,,,,,5,,,
01/06/22,15:50:00,2,3,Ranunculus sp.,?=11,,,,,5,,,
01/06/22,15:57:00,2,3,Myosotis lamottiana,Sphaerophoria scripta,macho,,,,5,,,
01/06/22,16:01:00,2,3,Myosotis lamottiana,?=97,,,,,5,,,
01/06/22,16:02:00,2,3,Myosotis lamottiana,Sphaerophoria scripta,hembra,,,,5,,,
01/06/22,16:05:00,2,3,Myosotis lamottiana,Pieris sp. Puntu beltzarekin,,,,,5,,,
01/06/22,16:06:00,2,3,Myosotis lamottiana,Sphaerophoria scripta,,,,,5,,,
01/06/22,16:07:00,2,3,Ajuga reptans,Bombus lapidarius,,,,,5,,,
01/06/22,16:15:00,2,3,Bellis perennis,?=94,,,,,5,,,
01/06/22,16:16:00,2,3,Bellis perennis,?=94,,,,,5,,,
01/06/22,16:19:00,2,3,Bellis perennis,Sphaerophoria scripta,hembra,,,,5,,,
01/06/22,16:20:00,2,3,Bellis perennis,Sphaerophoria scripta,hembra,,,,5,,,
01/06/22,16:22:00,2,3,Bellis perennis,?=97,,,,,5,,,
01/06/22,16:23:00,2,3,Bellis perennis,?=52,,,,,5,,,
01/06/22,16:25:00,2,3,Ajuga reptans,Bombus pascuorum,,,,,5,,,
01/06/22,16:27:00,2,3,Vicia sp.,Bombus pascuorum,,,,,5,,,
02/06/22,10:55:00,1,1,Bellis perennis,Sphaerophoria scripta,,,,"Sol, calor ",6,,,
02/06/22,11:02:00,1,1,Medicago lupulina,Sphaerophoria scripta,hembra,,,,6,,,
02/06/22,11:04:00,1,1,Ranunculus ficaria,Sphaerophoria scripta,hembra,,,,6,,,
02/06/22,11:05:00,1,1,Pilosella officinarum,?=13,,,,,6,,,
02/06/22,11:07:00,1,1,Ranunculus sp.,Sphaerophoria scripta,macho,,,,6,,,
02/06/22,11:07:00,1,1,Bellis perennis,Sphaerophoria scripta,macho,,,,6,,,
02/06/22,11:18:00,1,1,Bellis perennis,Sphaerophoria scripta,macho,,,,6,,,
02/06/22,11:22:00,1,1,Bellis perennis,Eristalis sp.,,,,,6,,,
02/06/22,11:25:00,1,1,Bellis perennis,Sphaerophoria scripta,macho,,,,6,,,
02/06/22,11:27:00,1,1,Bellis perennis,Sphaerophoria scripta,hembra,,,,6,,,
02/06/22,11:30:00,1,1,Bellis perennis,Sphaerophoria scripta,hembra,,,,6,,,
02/06/22,11:35:00,1,1,Vicia pyrenaica,Bombus pascuorum,,,,,6,,,
02/06/22,11:37:00,1,1,Bellis perennis,Sphaerophoria scripta,hembra,,,,6,,,
02/06/22,11:37:00,1,1,Bellis perennis,Sphaerophoria scripta,macho,,,,6,,,
02/06/22,11:37:00,1,1,Bellis perennis,Sphaerophoria scripta,macho,,,,6,,,
02/06/22,11:40:00,1,1,Bellis perennis,Sphaerophoria scripta,macho,,,,6,,,
02/06/22,11:40:00,1,1,Bellis perennis,Sphaerophoria scripta,hembra,,,,6,,,
02/06/22,11:42:00,1,1,Lotus corniculatus,Bombus pascuorum,,,,,6,,,
02/06/22,11:45:00,1,1,Bellis perennis,Sphaerophoria scripta,macho,,,,6,,,
02/06/22,11:45:00,1,1,Bellis perennis,Sphaerophoria scripta,hembra,,,,6,,,
02/06/22,11:46:00,1,1,Medicago lupulina,Sphaerophoria scripta,hembra,,,,6,,,
02/06/22,11:48:00,1,1,Thymus praecox subsp. Polytrichus,Sphaerophoria scripta,hembra,,,,6,,,
02/06/22,11:48:00,1,1,Thymus praecox subsp. Polytrichus,Sphaerophoria scripta,macho,,,,6,,,
02/06/22,11:49:00,1,1,Bellis perennis,Sphaerophoria scripta,macho,,,,6,,,
02/06/22,11:49:00,1,1,Bellis perennis,Sphaerophoria scripta,hembra,,,,6,,,
02/06/22,11:50:00,1,1,Bellis perennis,?=10,,,,,6,,,
02/06/22,13:08:00,1,2,Ranunculus sp.,?=70,,,,,6,,,
02/06/22,13:10:00,1,2,Bellis perennis,Sphaerophoria scripta,macho,,,,6,,,
02/06/22,13:11:00,1,2,Ranunculus sp.,Eristalis sp.,,,,,6,,,
02/06/22,13:11:00,1,2,Medicago lupulina,Sphaerophoria scripta,hembra,,,,6,,,
02/06/22,13:12:00,1,2,Ranunculus sp.,Eristalis sp.,,,,,6,,,
02/06/22,13:14:00,1,2,Bellis perennis,Eristalis sp.,,,,,6,,,
02/06/22,13:15:00,1,2,Medicago lupulina,Sphaerophoria scripta,macho,,,,6,,,
02/06/22,13:15:00,1,2,Medicago lupulina,Sphaerophoria scripta,hembra,,,,6,,,
02/06/22,13:17:00,1,2,Bellis perennis,,,si,99,,6,,,
02/06/22,13:17:00,1,2,Bellis perennis,Eristalis sp.,,,,,6,,,
02/06/22,13:18:00,1,2,Ranunculus sp.,?=97,,,,,6,,,
02/06/22,13:19:00,1,2,Ranunculus sp.,Eristalis sp.,,,,,6,,,
02/06/22,13:20:00,1,2,Bellis perennis,Sphaerophoria scripta,hembra,,,,6,,,
02/06/22,13:20:00,1,2,Bellis perennis,Sphaerophoria scripta,hembra,,,,6,,,
02/06/22,13:21:00,1,2,Bellis perennis,Sphaerophoria scripta,macho,,,,6,,,
02/06/22,13:22:00,1,2,Bellis perennis,?=99,,,,,6,,,
02/06/22,13:25:00,1,2,Ranunculus sp.,,,si,100,,6,,,
02/06/22,13:27:00,1,2,Vicia pyrenaica,Bombus pascuorum,,,,,6,,,
02/06/22,13:33:00,1,2,Bellis perennis,Sphaerophoria scripta,macho,,,,6,,,
02/06/22,13:37:00,1,2,Bellis perennis,Sphaerophoria scripta,macho,,,,6,,,
02/06/22,13:37:00,1,2,Ranunculus sp.,Sphaerophoria scripta,macho,,,,6,,,
02/06/22,13:38:00,1,2,Thymus praecox subsp. Polytrichus,?=52,,,,,6,,,
02/06/22,13:40:00,1,2,Bellis perennis,?=52,,,,,6,,,
02/06/22,13:41:00,1,2,Vicia pyrenaica,Bombus pascuorum,,,,,6,,,
02/06/22,13:44:00,1,2,Bellis perennis,Sphaerophoria scripta,macho,,,,6,,,
02/06/22,13:44:00,1,2,Ranunculus sp.,?=64,,,,,6,,,
02/06/22,13:45:00,1,2,Bellis perennis,Sphaerophoria scripta,macho,,,,6,,,
02/06/22,13:50:00,1,2,Vicia pyrenaica,Bombus pascuorum,,,,,6,,,
02/06/22,13:51:00,1,2,Bellis perennis,Sphaerophoria scripta,hembra,,,,6,,,
02/06/22,13:52:00,1,2,Medicago lupulina,Sphaerophoria scripta,hembra,,,,6,,,
02/06/22,13:52:00,1,2,Ranunculus sp.,Eristalis sp.,,,,,6,,,
02/06/22,13:54:00,1,2,Vicia pyrenaica,Bombus pascuorum,,,,,6,,,
02/06/22,13:59:00,1,2,Bellis perennis,Sphaerophoria scripta,hembra,,,,6,,,
02/06/22,14:06:00,1,2,Ranunculus sp.,?=100,,,,,6,,,
02/06/22,14:07:00,1,2,Ranunculus sp.,Sphaerophoria scripta,macho,,,,6,,,
02/06/22,14:07:00,1,2,Ranunculus sp.,Sphaerophoria scripta,macho,,,,6,,,
02/06/22,14:08:00,1,2,Erinus alpinus,?=13,,,,,6,,,
02/06/22,14:11:00,1,2,Bellis perennis,Sphaerophoria scripta,macho,,,,6,,,
02/06/22,14:11:00,1,2,Bellis perennis,Sphaerophoria scripta,macho,,,,6,,,
02/06/22,14:12:00,1,2,Lotus corniculatus,Bombus lapidarius,,,,,6,,,
02/06/22,15:35:00,1,3,Ranunculus sp.,?=97,,,,,6,,,
02/06/22,15:36:00,1,3,Bellis perennis,Sphaerophoria scripta,macho,,,,6,,,
02/06/22,15:36:00,1,3,Medicago lupulina,?=99,,,,,6,,,
02/06/22,15:37:00,1,3,Medicago lupulina,,,si,101,,6,,,
02/06/22,15:40:00,1,3,Bellis perennis,Sphaerophoria scripta,macho,,,,6,,,
02/06/22,15:42:00,1,3,Bellis perennis,Sphaerophoria scripta,macho,,,,6,,,
02/06/22,15:45:00,1,3,Vicia pyrenaica,Bombus pascuorum,,,,,6,,,
02/06/22,15:59:00,1,3,Bellis perennis,Sphaerophoria scripta,macho,,,,6,,,
02/06/22,16:05:00,1,3,Vicia pyrenaica,?=75,,,,,6,,,
02/06/22,16:13:00,1,3,Vicia pyrenaica,Bombus pascuorum,,,,,6,,,
02/06/22,16:20:00,1,3,Bellis perennis,Sphaerophoria scripta,macho,,,,6,,,
02/06/22,16:28:00,1,3,Bellis perennis,Sphaerophoria scripta,macho,,,,6,,,
02/06/22,16:28:00,1,3,Bellis perennis,Sphaerophoria scripta,hembra,,,,6,,,
02/06/22,16:33:00,1,3,Vicia pyrenaica,Bombus pascuorum,,,,,6,,,
02/06/22,16:34:00,1,3,Vicia pyrenaica,Bombus pascuorum,,,,,6,,,
02/06/22,16:36:00,1,3,Vicia pyrenaica,Bombus pascuorum,,,,,6,,,
06/06/22,10:37:00,4,1,Erica cinerea,Bombus terrestris,,,,"Templado, sin viento, sol y nubes",6,,,
06/06/22,10:41:00,4,1,Taraxacum sp.,?=13,,,,,6,,,
06/06/22,10:44:00,4,1,Taraxacum sp.,?=13,,,,,6,,,
06/06/22,11:12:00,4,1,Taraxacum sp.,?=11,,,,,6,,,
06/06/22,11:20:00,4,1,Taraxacum sp.,,,si,102,,6,,,
06/06/22,11:25:00,4,1,Taraxacum sp.,Eristalis sp.,,,,eristalis oscura,6,,,
06/06/22,11:28:00,4,1,Taraxacum sp.,Eristalis sp.,,,,eristalis con dibujo en el culo,6,,,
06/06/22,11:28:00,4,1,Taraxacum sp.,Eristalis sp.,,,,culo oscuro,6,,,
06/06/22,11:30:00,4,1,Taraxacum sp.,Eristalis sp.,,,,culo oscuro,6,,,
06/06/22,11:31:00,4,1,Erica tetralix,Erebia meolans,,,,,6,,,
06/06/22,13:05:00,4,2,Taraxacum sp.,Sphaerophoria scripta,,,,,6,,,
06/06/22,13:18:00,4,2,Potentilla erecta,Sphaerophoria scripta,macho,,,,6,,,
06/06/22,13:20:00,4,2,Potentilla erecta,Sphaerophoria scripta,hembra,,,,6,,,
06/06/22,13:23:00,4,2,Bellis perennis,Sphaerophoria scripta,macho,,,,6,,,
06/06/22,13:24:00,4,2,Bellis perennis,Sphaerophoria scripta,macho,,,,6,,,
06/06/22,13:24:00,4,2,Potentilla erecta,Sphaerophoria scripta,hembra,,,,6,,,
06/06/22,13:34:00,4,2,Taraxacum sp.,?=69,,,,,6,,,
06/06/22,13:37:00,4,2,Bellis perennis,Sphaerophoria scripta,macho,,,,6,,,
06/06/22,13:48:00,4,2,Potentilla erecta,?=13,,,,,6,,,
06/06/22,13:53:00,4,2,Galium mollugo,Sphaerophoria scripta,,,,,6,,,
06/06/22,13:54:00,4,2,Galium mollugo,Eristalis sp.,,,,culo oscuro,6,,,
06/06/22,14:00:00,4,2,Potentilla erecta,,,si,103,,6,,,
06/06/22,15:38:00,4,3,Veronica officinalis,Sphaerophoria scripta,macho,,,,6,,,
06/06/22,15:40:00,4,3,Galium mollugo,Sphaerophoria scripta,macho,,,,6,,,
06/06/22,15:45:00,4,3,Erica cinerea,Erebia meolans,,,,,6,,,
07/06/22,10:30:00,3,1,,,,,,"Niebla, empezamos por el segundo transecto",6,,,
07/06/22,13:30:00,3,2,Trifolium repens,?=6,,,,,6,,,
07/06/22,13:35:00,3,2,Lotus corniculatus,?=11,,,,,6,,,
07/06/22,13:45:00,3,2,Helianthemum nummularium,Sphaerophoria scripta,,,,,6,,,
07/06/22,13:53:00,3,2,Thymus praecox subsp. Polytrichus,Sphaerophoria scripta,,,,,6,,,
07/06/22,13:54:00,3,2,Thymus praecox subsp. Polytrichus,Sphaerophoria scripta,,,,,6,,,
07/06/22,14:04:00,3,2,Trifolium repens,Apis mellifera,,,,,6,,,
07/06/22,14:05:00,3,2,Plantago sp.,?=6,,,,,6,,,
07/06/22,14:07:00,3,2,Helianthemum nummularium,?=13,,,,,6,,,
07/06/22,15:31:00,3,3,Teucrium pyrenaicum,Bombus pascuorum,,,,,6,,,
07/06/22,15:33:00,3,3,Vicia pyrenaica,Bombus pascuorum,,,,,6,,,
07/06/22,15:33:00,3,3,Helianthemum nummularium,Apis mellifera,,,,,6,,,
07/06/22,15:36:00,3,3,Bellis perennis,Eristalis sp.,,,,,6,,,
07/06/22,15:41:00,3,3,Lotus corniculatus,Bombus sp.,,,,,6,,,
07/06/22,15:42:00,3,3,Thymus praecox subsp. Polytrichus,?=11,,,,,6,,,
07/06/22,15:43:00,3,3,Thymus praecox subsp. Polytrichus,Eristalis sp.,,,,culo oscuro,6,,,
07/06/22,15:46:00,3,3,Lotus corniculatus,Zygaena lonicerae,,,,,6,,,
07/06/22,15:49:00,3,3,Thymus praecox subsp. Polytrichus,Sphaerophoria scripta,,,,,6,,,
07/06/22,16:03:00,3,3,Lotus corniculatus,Bombus lapidarius,,,,,6,,,
07/06/22,16:16:00,3,3,Teucrium pyrenaicum,Bombus pascuorum,,,,,6,,,
07/06/22,16:19:00,3,3,Teucrium pyrenaicum,Bombus pascuorum,,,,,6,,,
07/06/22,16:27:00,3,3,Thymus praecox subsp. Polytrichus,Sphaerophoria scripta,hembra,,,,6,,,
07/06/22,16:29:00,3,3,Teucrium pyrenaicum,Bombus lapidarius,,,,,6,,,
09/06/22,11:15:00,5,1,Daboecia cantabrica,,,si,104,empezamos transecto mas tarde por la niebla,6,,,
09/06/22,11:15:00,5,1,Daboecia cantabrica,?=106,,,,,6,,,
09/06/22,11:35:00,5,1,Daboecia cantabrica,,,si,105,,6,,,
09/06/22,11:42:00,5,1,Daboecia cantabrica,?=104,,,,,6,,,
09/06/22,13:10:00,5,2,Ranunculus sp.,?=83,,,,,6,,,
09/06/22,13:10:00,5,2,Ranunculus sp.,?=83,,,,,6,,,
09/06/22,13:10:00,5,2,Ranunculus sp.,?=83,,,,,6,,,
09/06/22,13:15:00,5,2,Daboecia cantabrica,,,si,106,,6,,,
09/06/22,13:22:00,5,2,Potentilla erecta,?=10,,,,,6,,,
09/06/22,13:43:00,5,2,Ranunculus sp.,Sphaerophoria scripta,hembra,,,,6,,,
09/06/22,13:44:00,5,2,Ranunculus sp.,?=83,,,,,6,,,
09/06/22,13:44:00,5,2,Ranunculus sp.,?=83,,,,,6,,,
09/06/22,13:50:00,5,2,Scorzonera humilis,,,si,107,,6,,,
09/06/22,13:52:00,5,2,Ranunculus sp.,?=10,,,,,6,,,
09/06/22,13:52:00,5,2,Ranunculus sp.,?=83,,,,,6,,,
09/06/22,13:55:00,5,2,Daboecia cantabrica,,,si,108,,6,,,
09/06/22,13:57:00,5,2,Daboecia cantabrica,Bombus pascuorum,,,,,6,,,
09/06/22,13:58:00,5,2,Daboecia cantabrica,,,si,109,,6,,,
09/06/22,14:02:00,5,2,Erica tetralix,Coenonympha pamphilus,,,,,6,,,
09/06/22,15:38:00,5,3,Ranunculus sp.,?=83,,,,,6,,,
09/06/22,15:38:00,5,3,Ranunculus sp.,?=83,,,,,6,,,
09/06/22,15:54:00,5,3,Potentiila erecta,Sphaerophoria scripta,hembra,,,,6,,,
09/06/22,16:02:00,5,3,Potentiila erecta,?=83,,,,,6,,,
09/06/22,16:10:00,5,3,Potentiila erecta,Coenonympha pamphilus,,,,,6,,,
09/06/22,16:24:00,5,3,Scorzonera humilis,?=13,,,,,6,,,
09/06/22,16:31:00,5,3,Potentiila erecta,?=10,,,,,6,,,
10/06/22,10:40:00,2,1,Ranunculus sp.,?=10,,,,,6,,,
10/06/22,10:55:00,2,1,Ranunculus sp.,?=77,,,,,6,,,
10/06/22,11:03:00,2,1,Bellis perennis,Sphaerophoria scripta,hembra,,,,6,,,
10/06/22,11:17:00,2,1,Ranunculus sp.,?=97,,,,,6,,,
10/06/22,11:20:00,2,1,Bellis perennis,?=69,,,,,6,,,
10/06/22,11:28:00,2,1,Ranunculus sp.,?=35,,,,,6,,,
10/06/22,11:34:00,2,1,Ranunculus sp.,?=10,,,,,6,,,
10/06/22,11:36:00,2,1,Bellis perennis,Sphaerophoria scripta,,,,,6,,,
10/06/22,11:37:00,2,1,Plantago sp.,?=97,,,,,6,,,
10/06/22,13:13:00,2,2,Bellis perennis,Sphaerophoria scripta,macho,,,,6,,,
10/06/22,13:15:00,2,2,Ranunculus sp.,?=77,,,,,6,,,
10/06/22,13:20:00,2,2,Ranunculus sp.,?=97,,,,,6,,,
10/06/22,13:22:00,2,2,Bellis perennis,?=52,,,,,6,,,
10/06/22,13:30:00,2,2,Bellis perennis,?=69,,,,,6,,,
10/06/22,13:31:00,2,2,Ranunculus sp.,?=10,,,,,6,,,
10/06/22,13:34:00,2,2,Bellis perennis,?=52,,,,,6,,,
10/06/22,13:36:00,2,2,Ranunculus sp.,?=13,,,,,6,,,
10/06/22,13:39:00,2,2,Ranunculus sp.,?=10,,,,,6,,,
10/06/22,13:40:00,2,2,Trifolium repens,Apis mellifera,,,,,6,,,
10/06/22,13:42:00,2,2,Bellis perennis,?=52,,,,,6,,,
10/06/22,13:42:00,2,2,Bellis perennis,Sphaerophoria scripta,macho,,,,6,,,
10/06/22,13:43:00,2,2,Potentiila erecta,,,si,110,,6,,,
10/06/22,13:44:00,2,2,Bellis perennis,Episyrphus balteatus,,,,,6,,,
10/06/22,13:46:00,2,2,Bellis perennis,?=11,,,,,6,,,
10/06/22,13:49:00,2,2,Bellis perennis,?=10,,,,,6,,,
10/06/22,13:53:00,2,2,Bellis perennis,?=10,,,,,6,,,
10/06/22,13:55:00,2,2,Lotus corniculatus,,,si,111,,6,,,
10/06/22,14:00:00,2,2,Bellis perennis,?=97,,,,,6,,,
10/06/22,14:01:00,2,2,Bellis perennis,Eristalis sp.,,,,,6,,,
10/06/22,14:02:00,2,2,Geranium robertianum,Bombus pascuorum,,,,,6,,,
10/06/22,14:03:00,2,2,Lotus corniculatus,Bombus pascuorum,,,,,6,,,
10/06/22,14:10:00,2,2,Veronica officinalis,?=110,,,,,6,,,
10/06/22,15:44:00,2,3,Bellis perennis,?=52,,,,,6,,,
10/06/22,15:44:00,2,3,Bellis perennis,?=52,,,,,6,,,
10/06/22,15:45:00,2,3,Ranunculus sp.,?=64,,,,,6,,,
10/06/22,15:45:00,2,3,Myosotis lamottiana,?=97,,,,,6,,,
10/06/22,15:47:00,2,3,Bellis perennis,Sphaerophoria scripta,,,,,6,,,
10/06/22,15:49:00,2,3,Bellis perennis,Sphaerophoria scripta,,,,,6,,,
10/06/22,15:50:00,2,3,Myosotis lamottiana,?=110,,,,,6,,,
10/06/22,15:53:00,2,3,Ranunculus sp.,?=69,,,,,6,,,
10/06/22,15:55:00,2,3,Ranunculus sp.,,,si,112,,6,,,
10/06/22,15:56:00,2,3,Ranunculus sp.,Sphaerophoria scripta,,,,,6,,,
10/06/22,15:59:00,2,3,Bellis perennis,?=52,,,,,6,,,
10/06/22,16:04:00,2,3,Veronica officinalis,,,si,113,,6,,,
10/06/22,16:05:00,2,3,Bellis perennis,Eristalis sp.,,,,,6,,,
10/06/22,16:07:00,2,3,Bellis perennis,Sphaerophoria scripta,,,,,6,,,
10/06/22,16:08:00,2,3,Bellis perennis,?=52,,,,,6,,,
10/06/22,16:10:00,2,3,Potentiila erecta,?=10,,,,,6,,,
10/06/22,16:12:00,2,3,Vicia sp.,Bombus pascuorum,,,,,6,,,
10/06/22,16:18:00,2,3,Bellis perennis,?=52,,,,,6,,,
10/06/22,16:18:00,2,3,Ranunculus sp.,?=97,,,,,6,,,
10/06/22,16:22:00,2,3,Myosotis lamottiana,Sphaerophoria scripta,,,,,6,,,
10/06/22,16:23:00,2,3,Bellis perennis,?=97,,,,,6,,,
10/06/22,16:25:00,2,3,Bellis perennis,Sphaerophoria scripta,hembra,,,,6,,,
10/06/22,16:30:00,2,3,Lotus corniculatus,?=111,,,,,6,,,
10/06/22,16:31:00,2,3,Myosotis lamottiana,?=97,,,,,6,,,
10/06/22,16:32:00,2,3,Bellis perennis,?=52,,,,,6,,,
14/06/22,10:35:00,1,1,Medicago lupulina,Sphaerophoria scripta,macho,,,"Sol, calorazo, ola de calor",7,,,
14/06/22,10:39:00,1,1,Bellis perennis,,,si,114,,7,,,
14/06/22,10:42:00,1,1,Prunella vulgaris,Bombus lapidarius,,,,,7,,,
14/06/22,10:46:00,1,1,Ranunculus sp.,Eristalis sp.,,,,,7,,,
14/06/22,10:46:00,1,1,Bellis perennis,Sphaerophoria scripta,,,,,7,,,
14/06/22,10:47:00,1,1,Bellis perennis,Eristalis sp.,,,,,7,,,
14/06/22,10:49:00,1,1,Bellis perennis,Sphaerophoria scripta,hembra,,,,7,,,
14/06/22,10:51:00,1,1,Thymus praecox subsp. Polytrichus,?=52,,,,,7,,,
14/06/22,10:54:00,1,1,Galium mollugo,Sphaerophoria scripta,,,,,7,,,
14/06/22,10:54:00,1,1,Ranunculus sp.,Eristalis sp.,,,,,7,,,
14/06/22,10:56:00,1,1,Thymus praecox subsp. Polytrichus,Eristalis sp.,,,,,7,,,
14/06/22,10:56:00,1,1,Thymus praecox subsp. Polytrichus,Sphaerophoria scripta,macho,,,,7,,,
14/06/22,10:57:00,1,1,Thymus praecox subsp. Polytrichus,Sphaerophoria scripta,macho,,,,7,,,
14/06/22,11:00:00,1,1,Thymus praecox subsp. Polytrichus,Sphaerophoria scripta,macho,,,,7,,,
14/06/22,11:01:00,1,1,Bellis perennis,Sphaerophoria scripta,hembra,,,,7,,,
14/06/22,11:04:00,1,1,Medicago lupulina,Sphaerophoria scripta,hembra,,,,7,,,
14/06/22,11:04:00,1,1,Bellis perennis,Sphaerophoria scripta,macho,,,,7,,,
14/06/22,11:05:00,1,1,Thymus praecox subsp. Polytrichus,?=52,,,,,7,,,
14/06/22,11:05:00,1,1,Bellis perennis,?=10,,,,,7,,,
14/06/22,11:05:00,1,1,Bellis perennis,Sphaerophoria scripta,macho,,,,7,,,
14/06/22,11:06:00,1,1,Bellis perennis,Sphaerophoria scripta,hembra,,,,7,,,
14/06/22,11:06:00,1,1,Bellis perennis,Sphaerophoria scripta,macho,,,,7,,,
14/06/22,11:06:00,1,1,Bellis perennis,Eristalis sp.,,,,,7,,,
14/06/22,11:07:00,1,1,Bellis perennis,Sphaerophoria scripta,hembra,,,,7,,,
14/06/22,11:07:00,1,1,Bellis perennis,Sphaerophoria scripta,hembra,,,,7,,,
14/06/22,11:07:00,1,1,Medicago lupulina,Sphaerophoria scripta,hembra,,,,7,,,
14/06/22,11:08:00,1,1,Thymus praecox subsp. Polytrichus,Eristalis sp.,,,,,7,,,
14/06/22,11:08:00,1,1,Thymus praecox subsp. Polytrichus,Eristalis sp.,,,,,7,,,
14/06/22,11:09:00,1,1,Thymus praecox subsp. Polytrichus,Pararge aegeria,,,,,7,,,
14/06/22,11:10:00,1,1,Thymus praecox subsp. Polytrichus,Eristalis sp.,,,,,7,,,
14/06/22,11:10:00,1,1,Thymus praecox subsp. Polytrichus,Eristalis sp.,,,,,7,,,
14/06/22,11:10:00,1,1,Thymus praecox subsp. Polytrichus,Eristalis sp.,,,,,7,,,
14/06/22,11:10:00,1,1,Bellis perennis,Sphaerophoria scripta,macho,,,,7,,,
14/06/22,11:14:00,1,1,Trifolium pratense,,,si,115,,7,,,
14/06/22,11:14:00,1,1,Ranunculus sp.,Eristalis sp.,,,,,7,,,
14/06/22,11:15:00,1,1,Bellis perennis,Eristalis sp.,,,,,7,,,
14/06/22,11:15:00,1,1,Bellis perennis,?=52,,,,,7,,,
14/06/22,11:15:00,1,1,Bellis perennis,?=52,,,,,7,,,
14/06/22,11:17:00,1,1,Ranunculus sp.,Sphaerophoria scripta,hembra,,,,7,,,
14/06/22,11:17:00,1,1,Bellis perennis,Sphaerophoria scripta,macho,,,,7,,,
14/06/22,11:17:00,1,1,Bellis perennis,Sphaerophoria scripta,hembra,,,,7,,,
14/06/22,11:18:00,1,1,Plantago sp.,Eristalis sp.,,,,,7,,,
14/06/22,11:18:00,1,1,Thymus praecox subsp. Polytrichus,Sphaerophoria scripta,macho,,,,7,,,
14/06/22,11:19:00,1,1,Bellis perennis,Sphaerophoria scripta,hembra,,,,7,,,
14/06/22,11:20:00,1,1,Bellis perennis,Sphaerophoria scripta,hembra,,,,7,,,
14/06/22,11:22:00,1,1,Bellis perennis,Eristalis sp.,,,,,7,,,
14/06/22,11:22:00,1,1,Bellis perennis,Eristalis sp.,,,,,7,,,
14/06/22,11:24:00,1,1,Bellis perennis,?=52,,,,,7,,,
14/06/22,11:24:00,1,1,Bellis perennis,?=52,,,,,7,,,
14/06/22,11:24:00,1,1,Ranunculus sp.,?=35,,,,,7,,,
14/06/22,11:24:00,1,1,Ranunculus sp.,?=35,,,,,7,,,
14/06/22,11:24:00,1,1,Ranunculus sp.,?=35,,,,,7,,,
14/06/22,11:25:00,1,1,Bellis perennis,?=52,,,,,7,,,
14/06/22,11:25:00,1,1,Bellis perennis,?=10,,,,,7,,,
14/06/22,11:26:00,1,1,Bellis perennis,?=35,,,,,7,,,
14/06/22,11:26:00,1,1,Bellis perennis,?=35,,,,,7,,,
14/06/22,11:30:00,1,1,Galium mollugo,Sphaerophoria scripta,hembra,,,,7,,,
14/06/22,11:31:00,1,1,Bellis perennis,Sphaerophoria scripta,macho,,,,7,,,
14/06/22,11:32:00,1,1,Lotus corniculatus,?=115,,,,,7,,,
14/06/22,11:33:00,1,1,Bellis perennis,Eristalis sp.,,,,,7,,,
14/06/22,13:15:00,1,2,Prunella vulgaris,Bombus pascuorum,,,,,7,,,
14/06/22,13:17:00,1,2,Bellis perennis,Sphaerophoria scripta,hembra,,,,7,,,
14/06/22,13:21:00,1,2,Bellis perennis,?=6,,,,,7,,,
14/06/22,13:23:00,1,2,Thymus praecox subsp. Polytrichus,Sphaerophoria scripta,macho,,,,7,,,
14/06/22,13:26:00,1,2,Thymus praecox subsp. Polytrichus,Sphaerophoria scripta,macho,,,,7,,,
14/06/22,13:27:00,1,2,Bellis perennis,Sphaerophoria scripta,hembra,,,,7,,,
14/06/22,13:28:00,1,2,Lotus corniculatus,?=13,,,,,7,,,
14/06/22,13:33:00,1,2,Dianthus hyssopifolius subsp. Hyssopifolius,Pararge aegeria,,,,,7,,,
14/06/22,13:34:00,1,2,Thymus praecox subsp. Polytrichus,Sphaerophoria scripta,hembra,,,,7,,,
14/06/22,13:34:00,1,2,Bellis perennis,Sphaerophoria scripta,hembra,,,,7,,,
14/06/22,13:35:00,1,2,Medicago lupulina,?=34,,,,,7,,,
14/06/22,13:40:00,1,2,Galium mollugo,Sphaerophoria scripta,macho,,,,7,,,
14/06/22,13:41:00,1,2,Bellis perennis,Sphaerophoria scripta,macho,,,,7,,,
14/06/22,13:42:00,1,2,Bellis perennis,Sphaerophoria scripta,macho,,,,7,,,
14/06/22,13:42:00,1,2,Bellis perennis,?=64,,,,,7,,,
14/06/22,13:43:00,1,2,Vicia pyrenaica,Bombus pascuorum,,,,,7,,,
14/06/22,13:44:00,1,2,Polygala vulgaris,Sphaerophoria scripta,macho,,,,7,,,
14/06/22,13:44:00,1,2,Thymus praecox subsp. Polytrichus,Sphaerophoria scripta,macho,,,,7,,,
14/06/22,13:45:00,1,2,Bellis perennis,?=6,,,,,7,,,
14/06/22,13:47:00,1,2,Bellis perennis,?=10,,,,,7,,,
14/06/22,13:48:00,1,2,Bellis perennis,Sphaerophoria scripta,hembra,,,,7,,,
14/06/22,13:49:00,1,2,Bellis perennis,?=52,,,,,7,,,
14/06/22,13:49:00,1,2,Cerastium fontanum,?=10,,,,,7,,,
14/06/22,13:50:00,1,2,Bellis perennis,Sphaerophoria scripta,macho,,,,7,,,
14/06/22,13:52:00,1,2,Bellis perennis,Eristalis sp.,,,,,7,,,
14/06/22,13:54:00,1,2,Bellis perennis,Eristalis sp.,,,,,7,,,
14/06/22,13:55:00,1,2,Ranunculus sp.,Eristalis sp.,,,,,7,,,
14/06/22,13:56:00,1,2,Bellis perennis,Eristalis sp.,,,,,7,,,
14/06/22,13:58:00,1,2,Bellis perennis,?=52,,,,,7,,,
14/06/22,13:58:00,1,2,Bellis perennis,?=52,,,,,7,,,
14/06/22,14:00:00,1,2,Bellis perennis,?=6,,,,,7,,,
14/06/22,14:00:00,1,2,Bellis perennis,?=52,,,,,7,,,
14/06/22,14:01:00,1,2,Bellis perennis,Sphaerophoria scripta,hembra,,,,7,,,
14/06/22,14:02:00,1,2,Bellis perennis,Sphaerophoria scripta,macho,,,,7,,,
14/06/22,14:03:00,1,2,Bellis perennis,,,si,116,,7,,,
14/06/22,14:04:00,1,2,Bellis perennis,Sphaerophoria scripta,macho,,,,7,,,
14/06/22,14:04:00,1,2,Bellis perennis,Sphaerophoria scripta,macho,,,,7,,,
14/06/22,14:04:00,1,2,Bellis perennis,Sphaerophoria scripta,macho,,,,7,,,
14/06/22,14:05:00,1,2,Bellis perennis,Sphaerophoria scripta,macho,,,,7,,,
14/06/22,14:06:00,1,2,Bellis perennis,?=52,,,,,7,,,
14/06/22,14:07:00,1,2,Galium mollugo,Eristalis sp.,,,,,7,,,
14/06/22,14:07:00,1,2,Bellis perennis,Eristalis sp.,,,,,7,,,
14/06/22,14:08:00,1,2,Lotus corniculatus,?=115,,,,,7,,,
14/06/22,14:13:00,1,2,Thymus praecox subsp. Polytrichus,?=64,,,,,7,,,
14/06/22,14:14:00,1,2,Bellis perennis,Sphaerophoria scripta,hembra,,,,7,,,
14/06/22,15:22:00,1,3,Linaria propinqua,Bombus pascuorum,,,,,7,,,
14/06/22,15:25:00,1,3,Bellis perennis,?=10,,,,,7,,,
14/06/22,15:29:00,1,3,Lotus corniculatus,Bombus pascuorum,,,,,7,,,
14/06/22,15:32:00,1,3,Bellis perennis,Sphaerophoria scripta,hembra,,,,7,,,
14/06/22,15:35:00,1,3,Bellis perennis,Sphaerophoria scripta,macho,,,,7,,,
14/06/22,15:35:00,1,3,Thymus praecox subsp. Polytrichus,Eristalis sp.,,,,,7,,,
14/06/22,15:42:00,1,3,Bellis perennis,Sphaerophoria scripta,hembra,,,,7,,,
14/06/22,15:45:00,1,3,Bellis perennis,?=52,,,,,7,,,
14/06/22,15:45:00,1,3,Bellis perennis,?=52,,,,,7,,,
14/06/22,15:45:00,1,3,Bellis perennis,Sphaerophoria scripta,hembra,,,,7,,,
14/06/22,15:46:00,1,3,Bellis perennis,Sphaerophoria scripta,macho,,,,7,,,
14/06/22,15:46:00,1,3,Vicia pyrenaica,Bombus pascuorum,,,,,7,,,
14/06/22,15:48:00,1,3,Geranium robertianum,Lassiomata megera,,,,,7,,,
14/06/22,15:52:00,1,3,Bellis perennis,?=10,,,,,7,,,
14/06/22,15:53:00,1,3,Bellis perennis,?=35,,,,,7,,,
14/06/22,15:55:00,1,3,Trifolium pratense,?=115,,,,,7,,,
14/06/22,15:56:00,1,3,Vicia pyrenaica,Bombus pascuorum,,,,,7,,,
14/06/22,16:02:00,1,3,Vicia pyrenaica,Bombus pascuorum,,,,,7,,,
14/06/22,16:02:00,1,3,Bellis perennis,Eristalis sp.,,,,,7,,,
14/06/22,16:03:00,1,3,Ranunculus sp.,?=35,,,,,7,,,
14/06/22,16:03:00,1,3,Ranunculus sp.,?=35,,,,,7,,,
14/06/22,16:03:00,1,3,Ranunculus sp.,?=35,,,,,7,,,
14/06/22,16:05:00,1,3,Ranunculus sp.,?=35,,,,,7,,,
14/06/22,16:05:00,1,3,Ranunculus sp.,?=35,,,,,7,,,
14/06/22,16:05:00,1,3,Ranunculus sp.,?=35,,,,,7,,,
14/06/22,16:05:00,1,3,Ranunculus sp.,?=35,,,,,7,,,
14/06/22,16:06:00,1,3,Geranium robertianum,,,si,117,,7,,,
14/06/22,16:07:00,1,3,Bellis perennis,?=52,,,,,7,,,
14/06/22,16:08:00,1,3,Bellis perennis,Sphaerophoria scripta,hembra,,,,7,,,
14/06/22,16:10:00,1,3,Bellis perennis,Sphaerophoria scripta,macho,,,,7,,,
14/06/22,16:11:00,1,3,Medicago lupulina,?=116,,,,,7,,,
14/06/22,16:15:00,1,3,Bellis perennis,Pararge aegeria,,,,,7,,,
14/06/22,16:16:00,1,3,Linaria propinqua,Bombus pascuorum,,,,,7,,,
15/06/22,11:08:00,2,1,Ranunculus sp.,Sphaerophoria scripta,,,,,7,,,
15/06/22,11:14:00,2,1,Bellis perennis,Sphaerophoria scripta,,,,,7,,,
15/06/22,11:15:00,2,1,Ranunculus sp.,?=10,,,,,7,,,
15/06/22,11:18:00,2,1,Ranunculus sp.,?=10,,,,,7,,,
15/06/22,11:20:00,2,1,Ranunculus sp.,?=10,,,,,7,,,
15/06/22,11:23:00,2,1,Bellis perennis,Sphaerophoria scripta,hembra,,,,7,,,
15/06/22,11:24:00,2,1,Bellis perennis,Eristalis sp.,,,,,7,,,
15/06/22,11:27:00,2,1,Trifolium repens,?=115,,,,,7,,,
15/06/22,11:35:00,2,1,Potentilla erecta,?=13,,,,,7,,,
15/06/22,11:38:00,2,1,Bellis perennis,Sphaerophoria scripta,hembra,,,,7,,,
15/06/22,11:40:00,2,1,Bellis perennis,Sphaerophoria scripta,hembra,,,,7,,,
15/06/22,13:20:00,2,2,Myosotis lamottiana,Sphaerophoria scripta,hembra,,,,7,,,
15/06/22,13:22:00,2,2,Bellis perennis,Sphaerophoria scripta,hembra,,,,7,,,
15/06/22,13:22:00,2,2,Bellis perennis,?=52,,,,,7,,,
15/06/22,13:23:00,2,2,Bellis perennis,?=52,,,,,7,,,
15/06/22,13:25:00,2,2,Bellis perennis,?=10,,,,,7,,,
15/06/22,13:29:00,2,2,Bellis perennis,Sphaerophoria scripta,hembra,,,,7,,,
15/06/22,13:32:00,2,2,Ranunculus sp.,Sphaerophoria scripta,macho,,,,7,,,
15/06/22,13:34:00,2,2,Bellis perennis,Sphaerophoria scripta,hembra,,,,7,,,
15/06/22,13:34:00,2,2,Bellis perennis,Sphaerophoria scripta,macho,,,,7,,,
15/06/22,13:39:00,2,2,Bellis perennis,?=52,,,,,7,,,
15/06/22,13:39:00,2,2,Bellis perennis,?=52,,,,,7,,,
15/06/22,13:40:00,2,2,Bellis perennis,Sphaerophoria scripta,hembra,,,,7,,,
15/06/22,13:45:00,2,2,Bellis perennis,?=97,,,,,7,,,
15/06/22,13:47:00,2,2,Bellis perennis,Sphaerophoria scripta,macho,,,,7,,,
15/06/22,13:49:00,2,2,Bellis perennis,Sphaerophoria scripta,hembra,,,,7,,,
15/06/22,13:52:00,2,2,Trifolium repens,?=13,,,,,7,,,
15/06/22,13:55:00,2,2,Plantago sp.,Eristalis sp.,,,,,7,,,
15/06/22,13:57:00,2,2,Bellis perennis,Eristalis sp.,,,,,7,,,
15/06/22,14:00:00,2,2,Bellis perennis,Sphaerophoria scripta,hembra,,,,7,,,
15/06/22,14:03:00,2,2,Bellis perennis,Sphaerophoria scripta,hembra,,,,7,,,
15/06/22,14:07:00,2,2,Bellis perennis,?=6,,,,,7,,,
15/06/22,14:10:00,2,2,Bellis perennis,Sphaerophoria scripta,macho,,,,7,,,
15/06/22,14:12:00,2,2,Potentilla erecta,?=10,,,,,7,,,
15/06/22,14:12:00,2,2,Potentilla erecta,?=13,,,,,7,,,
15/06/22,14:14:00,2,2,Bellis perennis,Sphaerophoria scripta,hembra,,,,7,,,
15/06/22,14:18:00,2,2,Bellis perennis,?=97,,,,,7,,,
15/06/22,15:47:00,2,3,Bellis perennis,Sphaerophoria scripta,hembra,,,,7,,,
15/06/22,15:49:00,2,3,Bellis perennis,?=52,,,,,7,,,
15/06/22,16:04:00,2,3,Bellis perennis,?=10,,,,,7,,,
15/06/22,16:06:00,2,3,Bellis perennis,Sphaerophoria scripta,hembra,,,,7,,,
15/06/22,16:07:00,2,3,Myosotis lamottiana,Sphaerophoria scripta,macho,,,,7,,,
15/06/22,16:07:00,2,3,Ranunculus sp.,Sphaerophoria scripta,hembra,,,,7,,,
15/06/22,16:09:00,2,3,Bellis perennis,?=10,,,,,7,,,
15/06/22,16:12:00,2,3,Bellis perennis,Sphaerophoria scripta,macho,,,,7,,,
15/06/22,16:16:00,2,3,Bellis perennis,Sphaerophoria scripta,macho,,,,7,,,
15/06/22,16:24:00,2,3,Bellis perennis,Sphaerophoria scripta,hembra,,,,7,,,
15/06/22,16:26:00,2,3,Bellis perennis,Sphaerophoria scripta,macho,,,,7,,,
15/06/22,16:33:00,2,3,Bellis perennis,?=52,,,,,7,,,
15/06/22,16:35:00,2,3,Myosotis lamottiana,?=97,,,,,7,,,
15/06/22,16:38:00,2,3,Bellis perennis,Eristalis sp.,,,,,7,,,
16/06/22,11:05:00,4,1,Erica tetralix,Erebia meolans,,,,,7,,,
16/06/22,11:15:00,4,1,Erica cinerea,Bombus terrestris,,,,,7,,,
16/06/22,11:20:00,4,1,Taraxacum sp.,?=13,,,,,7,,,
16/06/22,11:23:00,4,1,Potentilla erecta,Sphaerophoria scripta,hembra,,,,7,,,
16/06/22,11:24:00,4,1,Potentilla erecta,?=116,,,,,7,,,
16/06/22,11:25:00,4,1,Potentilla erecta,Sphaerophoria scripta,hembra,,,,7,,,
16/06/22,11:26:00,4,1,Galium mollugo,Sphaerophoria scripta,macho,,,,7,,,
16/06/22,11:28:00,4,1,Potentilla erecta,Sphaerophoria scripta,hembra,,,,7,,,
16/06/22,11:30:00,4,1,Erica cinerea,Sphaerophoria scripta,hembra,si,118,,7,,,
16/06/22,13:14:00,4,2,Potentilla erecta,Sphaerophoria scripta,hembra,,,,7,,,
16/06/22,13:22:00,4,2,Erica cinerea,Erebia meolans,,,,,7,,,
16/06/22,13:26:00,4,2,Erica cinerea,,,si,119,,7,,,
16/06/22,13:29:00,4,2,Potentilla erecta,Sphaerophoria scripta,hembra,,,,7,,,
16/06/22,13:30:00,4,2,Potentilla erecta,?=34,,,,,7,,,
16/06/22,13:45:00,4,2,Erica cinerea,,,si,120,,7,,,
16/06/22,13:46:00,4,2,Potentilla erecta,Sphaerophoria scripta,macho,,,,7,,,
16/06/22,13:50:00,4,2,Polygala vulgaris,Pyrgus sp.,,,,,7,,,
16/06/22,14:00:00,4,2,Bellis perennis,Sphaerophoria scripta,macho,,,,7,,,
16/06/22,15:42:00,4,3,Erica cinerea,Coenonympha pamphilus,,,,,7,,,
16/06/22,15:47:00,4,3,Erica cinerea,?=118,,,,,7,,,
16/06/22,15:49:00,4,3,Potentilla erecta,Sphaerophoria scripta,hembra,,,,7,,,
16/06/22,16:10:00,4,3,Erica tetralix,?=118,,,,,7,,,
16/06/22,16:15:00,4,3,Erica cinerea,?=118,,,,,7,,,
16/06/22,16:23:00,4,3,Erica cinerea,?=118,,,,,7,,,
16/06/22,16:25:00,4,3,Potentilla erecta,Sphaerophoria scripta,hembra,,,,7,,,
16/06/22,16:29:00,4,3,Erica cinerea,,,si,121,,7,,,
16/06/22,16:36:00,4,3,Erica cinerea,Bombus pascuorum,,,,,7,,,
16/06/22,16:40:00,4,3,Galium mollugo,Sphaerophoria scripta,hembra,,,,7,,,
17/06/22,10:37:00,5,1,Potentilla erecta,Sphaerophoria scripta,macho,,,,7,,,
17/06/22,10:45:00,5,1,Potentilla erecta,Sphaerophoria scripta,macho,,,,7,,,
17/06/22,10:54:00,5,1,Potentilla erecta,Sphaerophoria scripta,hembra,,,,7,,,
17/06/22,10:57:00,5,1,Potentilla erecta,Sphaerophoria scripta,hembra,,,,7,,,
17/06/22,10:58:00,5,1,Potentilla erecta,,,si,122,,7,,,
17/06/22,11:02:00,5,1,Potentilla erecta,Sphaerophoria scripta,hembra,,,,7,,,
17/06/22,11:03:00,5,1,Taraxacum sp.,Sphaerophoria scripta,hembra,,,,7,,,
17/06/22,11:06:00,5,1,Taraxacum sp.,?=13,,,,,7,,,
17/06/22,11:08:00,5,1,Potentilla erecta,Sphaerophoria scripta,hembra,,,,7,,,
17/06/22,11:08:00,5,1,Potentilla erecta,Sphaerophoria scripta,hembra,,,,7,,,
17/06/22,11:08:00,5,1,Potentilla erecta,Sphaerophoria scripta,hembra,,,,7,,,
17/06/22,11:10:00,5,1,Potentilla erecta,Sphaerophoria scripta,macho,,,,7,,,
17/06/22,11:10:00,5,1,Potentilla erecta,Sphaerophoria scripta,hembra,,,,7,,,
17/06/22,11:13:00,5,1,Erica cinerea,Cupido sp.,,,,,7,,,
17/06/22,11:15:00,5,1,Taraxacum sp.,?=13,,,,,7,,,
17/06/22,11:16:00,5,1,Potentilla erecta,Sphaerophoria scripta,macho,,,,7,,,
17/06/22,11:20:00,5,1,Potentilla erecta,Sphaerophoria scripta,hembra,,,,7,,,
17/06/22,11:24:00,5,1,Potentilla erecta,Sphaerophoria scripta,hembra,,,,7,,,
17/06/22,11:27:00,5,1,Potentilla erecta,Sphaerophoria scripta,hembra,,,,7,,,
17/06/22,11:27:00,5,1,Potentilla erecta,Sphaerophoria scripta,hembra,,,,7,,,
17/06/22,11:28:00,5,1,Potentilla erecta,Sphaerophoria scripta,macho,,,,7,,,
17/06/22,11:29:00,5,1,Potentilla erecta,Sphaerophoria scripta,macho,,,,7,,,
17/06/22,11:31:00,5,2,Erica cinerea,?=118,,,,,7,,,
17/06/22,13:04:00,5,2,Potentilla erecta,Sphaerophoria scripta,macho,,,,7,,,
17/06/22,13:07:00,5,2,Potentilla erecta,Sphaerophoria scripta,hembra,,,,7,,,
17/06/22,13:11:00,5,2,Potentilla erecta,Sphaerophoria scripta,macho,,,,7,,,
17/06/22,13:13:00,5,2,Potentilla erecta,?=34,,,,,7,,,
17/06/22,13:22:00,5,2,Potentilla erecta,Sphaerophoria scripta,hembra,,,,7,,,
17/06/22,13:24:00,5,2,Erica cinerea,Coenonympha pamphilus,,,,,7,,,
17/06/22,13:25:00,5,2,Erica cinerea,?=118,,,,,7,,,
17/06/22,13:28:00,5,2,Potentilla erecta,Sphaerophoria scripta,macho,,,,7,,,
17/06/22,13:28:00,5,2,Potentilla erecta,Sphaerophoria scripta,macho,,,,7,,,
17/06/22,13:36:00,5,2,Potentilla erecta,Sphaerophoria scripta,hembra,,,,7,,,
17/06/22,13:37:00,5,2,Potentilla erecta,Sphaerophoria scripta,macho,,,,7,,,
17/06/22,13:44:00,5,2,Potentilla erecta,Sphaerophoria scripta,hembra,,,,7,,,
17/06/22,13:46:00,5,2,Potentilla erecta,Sphaerophoria scripta,hembra,,,,7,,,
17/06/22,13:46:00,5,2,Potentilla erecta,Sphaerophoria scripta,macho,,,,7,,,
17/06/22,13:50:00,5,2,Erica cinerea,Coenonympha pamphilus,,,,,7,,,
17/06/22,13:52:00,5,2,Potentilla erecta,Sphaerophoria scripta,macho,,,,7,,,
17/06/22,13:55:00,5,2,Potentilla erecta,Sphaerophoria scripta,hembra,,,,7,,,
17/06/22,15:30:00,5,3,,,,,,"No se hace por demasiado calor, 40ºC",7,,,
21/06/22,11:34:00,3,1,Trifolium pratense,Ochlodes sylvanus,,no,,"Niebla, ultimos 20 mins de transecto solo.",7,,,
21/06/22,12:55:00,3,2,Trifolium pratense,?=13,,no,,,7,,,
21/06/22,13:05:00,3,2,Thymus praecox subsp. Polytrichus,Sphaerophoria scripta,macho,no,,,7,,,
21/06/22,13:12:00,3,2,Trifolium pratense,Bombus lapidarius,,,,,7,,,
21/06/22,13:15:00,3,2,Ranunculus sp.,Sphaerophoria scripta,hembra,,,,7,,,
21/06/22,13:17:00,3,2,Prunella grandiflora,Bombus pascuorum,,,,,7,,,
21/06/22,13:18:00,3,2,Taraxacum sp.,?=34,,,,,7,,,
21/06/22,13:20:00,3,2,Taraxacum sp.,Sphaerophoria scripta,hembra,,,,7,,,
21/06/22,13:20:00,3,2,Taraxacum sp.,Sphaerophoria scripta,macho,,,,7,,,
21/06/22,13:21:00,3,2,Taraxacum sp.,Sphaerophoria scripta,hembra,,,,7,,,
21/06/22,13:22:00,3,2,Taraxacum sp.,,,si,123,,7,,,
21/06/22,13:23:00,3,2,Taraxacum sp.,Bombus pascuorum,,,,,7,,,
21/06/22,13:25:00,3,2,Helianthemum nummularium,?=34,,,,,7,,,
21/06/22,13:25:00,3,2,Taraxacum sp.,Sphaerophoria scripta,hembra,,,,7,,,
21/06/22,13:32:00,3,2,Teucrium pyrenaicum,Bombus lapidarius,,,,,7,,,
21/06/22,13:32:00,3,2,Teucrium pyrenaicum,Sphaerophoria scripta,macho,,,,7,,,
21/06/22,13:34:00,3,2,Dianthus hyssopifolius subsp. Hyssopifolius,Ochlodes sylvanus,,,,,7,,,
21/06/22,13:35:00,3,2,Thymus praecox subsp. Polytrichus,Sphaerophoria scripta,hembra,,,,7,,,
21/06/22,13:37:00,3,2,Taraxacum sp.,?=123,,,,,7,,,
21/06/22,13:39:00,3,2,Prunella grandiflora,Ochlodes sylvanus,,,,,7,,,
21/06/22,13:39:00,3,2,Taraxacum sp.,?=34,,,,,7,,,
21/06/22,13:41:00,3,2,Prunella grandiflora,Sphaerophoria scripta,macho,,,,7,,,
21/06/22,13:44:00,3,2,Trifolium pratense,Bombus lapidarius,,,,,7,,,
21/06/22,13:48:00,3,2,Achillea millefolium,Sphaerophoria scripta,macho,,,,7,,,
21/06/22,13:48:00,3,2,Achillea millefolium,Sphaerophoria scripta,macho,,,,7,,,
21/06/22,13:51:00,3,2,Taraxacum sp.,,,si,124,,7,,,
21/06/22,13:51:00,3,2,Thymus praecox subsp. Polytrichus,Sphaerophoria scripta,macho,,,,7,,,
21/06/22,13:51:00,3,2,Achillea millefolium,Sphaerophoria scripta,macho,,,,7,,,
21/06/22,13:53:00,3,2,Trifolium pratense,Bombus lapidarius,,,,,7,,,
21/06/22,13:58:00,3,2,Trifolium pratense,Bombus lapidarius,,,,,7,,,
21/06/22,14:04:00,3,2,Taraxacum sp.,?=124,,,,,7,,,
21/06/22,15:40:00,3,3,Trifolium pratense,Bombus pascuorum,,,,,7,,,
21/06/22,15:40:00,3,3,Bellis perennis,?=13,,,,,7,,,
21/06/22,15:42:00,3,3,Trifolium pratense,Bombus lapidarius,,,,,7,,,
21/06/22,15:51:00,3,3,Teucrium pyrenaicum,Apis mellifera,,,,,7,,,
21/06/22,15:54:00,3,3,Prunella grandiflora,Bombus pascuorum,,,,,7,,,
21/06/22,15:56:00,3,3,Potentilla erecta,Sphaerophoria scripta,hembra,,,,7,,,
21/06/22,15:58:00,3,3,Achillea millefolium,?=52,,,,,7,,,
21/06/22,15:58:00,3,3,Achillea millefolium,?=124,,,,,7,,,
21/06/22,15:59:00,3,3,Achillea millefolium,?=124,,,,,7,,,
21/06/22,16:10:00,3,3,Trifolium pratense,Zygaena lonicerae,,,,,7,,,
21/06/22,16:30:00,3,3,Prunella grandiflora,Macroglossum stellatarum,,,,ha entrado niebla,7,,,
