"","Site","Year","Periodo","Planta","Bosque","fruit_set"
"1","Doñana","2021","2","Cistus salviifolius","Pinar Aznalcazar",0.75
"2","Doñana","2021","2","Cistus salviifolius","Pinar Aznalcazar",1
"3","Doñana","2021","2","Cistus salviifolius","Pinar Aznalcazar",1
"4","Doñana","2021","2","Cistus salviifolius","Pinar Aznalcazar",1
"5","Doñana","2021","2","Cistus salviifolius","Pinar Aznalcazar",1
"6","Doñana","2021","2","Cistus salviifolius","Pinar Aznalcazar",1
"7","Doñana","2021","2","Cistus salviifolius","Pinar Aznalcazar",1
"8","Doñana","2021","2","Cistus salviifolius","Pinar Aznalcazar",1
"9","Doñana","2021","2","Cistus salviifolius","Pinar Aznalcazar",1
"10","Doñana","2021","3","Cistus salviifolius","Pinar Aznalcazar",1
"11","Doñana","2021","3","Cistus salviifolius","Pinar Aznalcazar",1
"12","Doñana","2021","3","Cistus salviifolius","Pinar Aznalcazar",1
"13","Doñana","2021","3","Cistus salviifolius","Pinar Aznalcazar",1
"14","Doñana","2021","3","Cistus salviifolius","Pinar Aznalcazar",1
"15","Doñana","2021","3","Cistus salviifolius","Pinar Aznalcazar",1
"16","Doñana","2021","3","Cistus salviifolius","Pinar Aznalcazar",1
"17","Doñana","2021","3","Cistus salviifolius","Pinar Aznalcazar",1
"18","Doñana","2021","3","Cistus salviifolius","Pinar Aznalcazar",1
"19","Doñana","2021","3","Cistus salviifolius","Pinar Aznalcazar",1
"20","Doñana","2021","4","Cistus salviifolius","Pinar Aznalcazar",1
"21","Doñana","2021","4","Cistus salviifolius","Pinar Aznalcazar",1
"22","Doñana","2021","4","Cistus salviifolius","Pinar Aznalcazar",0.8
"23","Doñana","2021","4","Cistus salviifolius","Pinar Aznalcazar",1
"24","Doñana","2021","4","Cistus salviifolius","Pinar Aznalcazar",0.4
"25","Doñana","2021","4","Cistus salviifolius","Pinar Aznalcazar",0.6
"26","Doñana","2021","4","Cistus salviifolius","Pinar Aznalcazar",0.8
"27","Doñana","2021","4","Cistus salviifolius","Pinar Aznalcazar",0.8
"28","Doñana","2021","4","Cistus salviifolius","Pinar Aznalcazar",0.6
"29","Doñana","2021","4","Cistus salviifolius","Pinar Aznalcazar",1
"30","Doñana","2021","5","Cistus crispus","Pinar Aznalcazar",1
"31","Doñana","2021","5","Cistus crispus","Pinar Aznalcazar",1
"32","Doñana","2021","5","Cistus crispus","Pinar Aznalcazar",1
"33","Doñana","2021","5","Cistus crispus","Pinar Aznalcazar",0.4
"34","Doñana","2021","5","Cistus crispus","Pinar Aznalcazar",1
"35","Doñana","2021","5","Cistus crispus","Pinar Aznalcazar",0.5
"36","Doñana","2021","5","Cistus crispus","Pinar Aznalcazar",1
"37","Doñana","2021","5","Cistus crispus","Pinar Aznalcazar",1
"38","Doñana","2021","5","Cistus crispus","Pinar Aznalcazar",1
"39","Doñana","2021","5","Cistus crispus","Pinar Aznalcazar",1
"40","Doñana","2021","5","Cistus crispus","Pinar Aznalcazar",1
"41","Doñana","2021","5","Cistus crispus","Pinar Aznalcazar",0
"42","Doñana","2021","5","Cistus crispus","Pinar Aznalcazar",0.5
"43","Doñana","2021","5","Cistus crispus","Pinar Aznalcazar",1
"44","Doñana","2021","5","Cistus crispus","Pinar Aznalcazar",0.666666666666667
"45","Doñana","2021","5","Cistus crispus","Pinar Aznalcazar",1
"46","Doñana","2021","5","Cistus crispus","Pinar Aznalcazar",1
"47","Doñana","2021","5","Cistus salviifolius","Pinar Aznalcazar",0.2
"48","Doñana","2021","5","Cistus salviifolius","Pinar Aznalcazar",0
"49","Doñana","2021","5","Cistus salviifolius","Pinar Aznalcazar",1
"50","Doñana","2021","5","Cistus salviifolius","Pinar Aznalcazar",1
"51","Doñana","2021","5","Cistus salviifolius","Pinar Aznalcazar",1
"52","Doñana","2021","5","Cistus salviifolius","Pinar Aznalcazar",1
"53","Doñana","2021","5","Cistus salviifolius","Pinar Aznalcazar",1
"54","Doñana","2021","5","Cistus salviifolius","Pinar Aznalcazar",1
"55","Doñana","2021","5","Cistus salviifolius","Pinar Aznalcazar",1
"56","Doñana","2021","5","Cistus salviifolius","Pinar Aznalcazar",0
"57","Doñana","2021","5","Cistus salviifolius","Pinar Aznalcazar",0
"58","Doñana","2021","5","Cistus salviifolius","Pinar Aznalcazar",1
"59","Doñana","2021","5","Cistus salviifolius","Pinar Aznalcazar",1
"60","Doñana","2021","5","Cistus salviifolius","Pinar Aznalcazar",0
"61","Doñana","2021","5","Cistus salviifolius","Pinar Aznalcazar",0.5
"62","Doñana","2021","5","Cistus salviifolius","Pinar Aznalcazar",1
"63","Doñana","2021","5","Halimiun halimifolium","Pinar Aznalcazar",0.666666666666667
"64","Doñana","2021","5","Halimiun halimifolium","Pinar Aznalcazar",0.166666666666667
"65","Doñana","2021","6","Cistus crispus","Pinar Aznalcazar",0.5
"66","Doñana","2021","6","Cistus crispus","Pinar Aznalcazar",0.6
"67","Doñana","2021","6","Cistus crispus","Pinar Aznalcazar",1
"68","Doñana","2021","6","Cistus crispus","Pinar Aznalcazar",1
"69","Doñana","2021","6","Cistus crispus","Pinar Aznalcazar",0.6
"70","Doñana","2021","6","Cistus crispus","Pinar Aznalcazar",1
"71","Doñana","2021","6","Cistus crispus","Pinar Aznalcazar",1
"72","Doñana","2021","6","Cistus crispus","Pinar Aznalcazar",0.4
"73","Doñana","2021","6","Cistus crispus","Pinar Aznalcazar",0.6
"74","Doñana","2021","6","Cistus crispus","Pinar Aznalcazar",1
"75","Doñana","2021","6","Cistus crispus","Pinar Aznalcazar",0.75
"76","Doñana","2021","6","Halimiun halimifolium","Pinar Aznalcazar",0
"77","Doñana","2021","6","Halimiun halimifolium","Pinar Aznalcazar",0.7
"78","Doñana","2021","6","Halimiun halimifolium","Pinar Aznalcazar",0.466666666666667
"79","Doñana","2021","6","Halimiun halimifolium","Pinar Aznalcazar",0.5
"80","Doñana","2021","7","Cistus crispus","Pinar Aznalcazar",1
"81","Doñana","2021","7","Cistus crispus","Pinar Aznalcazar",0.8
"82","Doñana","2021","7","Cistus crispus","Pinar Aznalcazar",1
"83","Doñana","2021","7","Cistus crispus","Pinar Aznalcazar",1
"84","Doñana","2021","7","Cistus crispus","Pinar Aznalcazar",1
"85","Doñana","2021","7","Cistus crispus","Pinar Aznalcazar",1
"86","Doñana","2021","7","Cistus crispus","Pinar Aznalcazar",0.6
"87","Doñana","2021","7","Cistus crispus","Pinar Aznalcazar",0.6
"88","Doñana","2021","7","Cistus crispus","Pinar Aznalcazar",0.4
"89","Doñana","2021","7","Cistus crispus","Pinar Aznalcazar",0.8
"90","Doñana","2021","7","Halimiun halimifolium","Pinar Aznalcazar",1
"91","Doñana","2021","7","Halimiun halimifolium","Pinar Aznalcazar",0.6
"92","Doñana","2021","7","Halimiun halimifolium","Pinar Aznalcazar",0.6
"93","Doñana","2021","7","Halimiun halimifolium","Pinar Aznalcazar",0.6
"94","Doñana","2021","7","Halimiun halimifolium","Pinar Aznalcazar",0.6
"95","Doñana","2021","8","Cistus crispus","Pinar Aznalcazar",1
"96","Doñana","2021","8","Halimiun halimifolium","Pinar Aznalcazar",0.4
"97","Doñana","2021","8","Halimiun halimifolium","Pinar Aznalcazar",0.3
"98","Doñana","2021","8","Halimiun halimifolium","Pinar Aznalcazar",0.2
"99","Doñana","2021","8","Halimiun halimifolium","Pinar Aznalcazar",0.2
"100","Doñana","2021","8","Halimiun halimifolium","Pinar Aznalcazar",0.3
"101","Doñana","2021","1","Halimiun calycinum","Pinar Hinojos",1
"102","Doñana","2021","1","Halimiun calycinum","Pinar Hinojos",0.6
"103","Doñana","2021","1","Halimiun calycinum","Pinar Hinojos",1
"104","Doñana","2021","1","Halimiun calycinum","Pinar Hinojos",0.8
"105","Doñana","2021","1","Halimiun calycinum","Pinar Hinojos",0.8
"106","Doñana","2021","2","Halimiun calycinum","Pinar Hinojos",0.8
"107","Doñana","2021","2","Halimiun calycinum","Pinar Hinojos",0.333333333333333
"108","Doñana","2021","2","Halimiun calycinum","Pinar Hinojos",0.4
"109","Doñana","2021","2","Halimiun calycinum","Pinar Hinojos",1
"110","Doñana","2021","2","Halimiun calycinum","Pinar Hinojos",0.6
"111","Doñana","2021","2","Halimiun calycinum","Pinar Hinojos",0.8
"112","Doñana","2021","3","Halimiun calycinum","Pinar Hinojos",0.6
"113","Doñana","2021","3","Halimiun calycinum","Pinar Hinojos",0.333333333333333
"114","Doñana","2021","3","Halimiun calycinum","Pinar Hinojos",1
"115","Doñana","2021","3","Halimiun calycinum","Pinar Hinojos",0.4
"116","Doñana","2021","3","Halimiun calycinum","Pinar Hinojos",0.3
"117","Doñana","2021","3","Halimiun calycinum","Pinar Hinojos",1
"118","Doñana","2021","3","Halimiun calycinum","Pinar Hinojos",0.777777777777778
"119","Doñana","2021","3","Halimiun calycinum","Pinar Hinojos",0.666666666666667
"120","Doñana","2021","4","Halimiun calycinum","Pinar Hinojos",0
"121","Doñana","2021","4","Halimiun calycinum","Pinar Hinojos",0
"122","Doñana","2021","4","Halimiun calycinum","Pinar Hinojos",0.666666666666667
"123","Doñana","2021","4","Halimiun calycinum","Pinar Hinojos",0
"124","Doñana","2021","4","Halimiun calycinum","Pinar Hinojos",1
"125","Doñana","2021","4","Halimiun calycinum","Pinar Hinojos",0.444444444444444
"126","Doñana","2021","4","Halimiun calycinum","Pinar Hinojos",0.333333333333333
"127","Doñana","2021","4","Halimiun calycinum","Pinar Hinojos",0.444444444444444
"128","Doñana","2021","4","Halimiun calycinum","Pinar Hinojos",0.555555555555556
"129","Doñana","2021","5","Cistus libanotis","Pinar Hinojos",1
"130","Doñana","2021","5","Cistus libanotis","Pinar Hinojos",1
"131","Doñana","2021","5","Halimiun calycinum","Pinar Hinojos",1
"132","Doñana","2021","5","Halimiun calycinum","Pinar Hinojos",0
"133","Doñana","2021","5","Halimiun calycinum","Pinar Hinojos",0.333333333333333
"134","Doñana","2021","5","Halimiun calycinum","Pinar Hinojos",0.4
"135","Doñana","2021","5","Halimiun calycinum","Pinar Hinojos",1
"136","Doñana","2021","5","Halimiun calycinum","Pinar Hinojos",0.875
"137","Doñana","2021","5","Halimiun calycinum","Pinar Hinojos",0.857142857142857
"138","Doñana","2021","6","Cistus libanotis","Pinar Hinojos",0.454545454545455
"139","Doñana","2021","6","Cistus libanotis","Pinar Hinojos",0.465116279069767
"140","Doñana","2021","6","Halimiun calycinum","Pinar Hinojos",1
"141","Doñana","2021","6","Halimiun calycinum","Pinar Hinojos",0
"142","Doñana","2021","6","Halimiun calycinum","Pinar Hinojos",0
"143","Doñana","2021","6","Halimiun calycinum","Pinar Hinojos",0
"144","Doñana","2021","6","Halimiun calycinum","Pinar Hinojos",0.5
"145","Doñana","2021","6","Halimiun calycinum","Pinar Hinojos",0
"146","Doñana","2021","6","Halimiun calycinum","Pinar Hinojos",0
"147","Doñana","2021","7","Cistus libanotis","Pinar Hinojos",1
"148","Doñana","2021","7","Cistus libanotis","Pinar Hinojos",0
"149","Doñana","2021","8",NA,"Pinar Hinojos",NA
"150","Doñana","2021","9",NA,"Pinar Hinojos",NA
"151","Doñana","2021","1","Cistus salviifolius","Pinar Puebla",0.8
"152","Doñana","2021","1","Cistus salviifolius","Pinar Puebla",1
"153","Doñana","2021","1","Cistus salviifolius","Pinar Puebla",0.8
"154","Doñana","2021","1","Cistus salviifolius","Pinar Puebla",1
"155","Doñana","2021","1","Cistus salviifolius","Pinar Puebla",1
"156","Doñana","2021","2","Cistus salviifolius","Pinar Puebla",0.8
"157","Doñana","2021","2","Cistus salviifolius","Pinar Puebla",0.8
"158","Doñana","2021","2","Cistus salviifolius","Pinar Puebla",1
"159","Doñana","2021","2","Cistus salviifolius","Pinar Puebla",1
"160","Doñana","2021","2","Cistus salviifolius","Pinar Puebla",1
"161","Doñana","2021","2","Cistus salviifolius","Pinar Puebla",0.6
"162","Doñana","2021","2","Cistus salviifolius","Pinar Puebla",1
"163","Doñana","2021","2","Cistus salviifolius","Pinar Puebla",0.8
"164","Doñana","2021","2","Cistus salviifolius","Pinar Puebla",1
"165","Doñana","2021","2","Cistus salviifolius","Pinar Puebla",1
"166","Doñana","2021","3","Cistus salviifolius","Pinar Puebla",0.6
"167","Doñana","2021","3","Cistus salviifolius","Pinar Puebla",0.8
"168","Doñana","2021","3","Cistus salviifolius","Pinar Puebla",0.6
"169","Doñana","2021","3","Cistus salviifolius","Pinar Puebla",1
"170","Doñana","2021","3","Cistus salviifolius","Pinar Puebla",0.8
"171","Doñana","2021","3","Cistus salviifolius","Pinar Puebla",0.8
"172","Doñana","2021","3","Cistus salviifolius","Pinar Puebla",1
"173","Doñana","2021","3","Cistus salviifolius","Pinar Puebla",1
"174","Doñana","2021","3","Cistus salviifolius","Pinar Puebla",1
"175","Doñana","2021","3","Cistus salviifolius","Pinar Puebla",0.8
"176","Doñana","2021","4","Cistus salviifolius","Pinar Puebla",0.285714285714286
"177","Doñana","2021","4","Cistus salviifolius","Pinar Puebla",0
"178","Doñana","2021","4","Cistus salviifolius","Pinar Puebla",1
"179","Doñana","2021","4","Cistus salviifolius","Pinar Puebla",0
"180","Doñana","2021","4","Cistus salviifolius","Pinar Puebla",0
"181","Doñana","2021","4","Cistus salviifolius","Pinar Puebla",0.5
"182","Doñana","2021","4","Cistus salviifolius","Pinar Puebla",1
"183","Doñana","2021","4","Cistus salviifolius","Pinar Puebla",1
"184","Doñana","2021","4","Cistus salviifolius","Pinar Puebla",1
"185","Doñana","2021","4","Cistus salviifolius","Pinar Puebla",0
"186","Doñana","2021","5","Cistus salviifolius","Pinar Puebla",0.5
"187","Doñana","2021","5","Cistus salviifolius","Pinar Puebla",0
"188","Doñana","2021","5","Cistus salviifolius","Pinar Puebla",1
"189","Doñana","2021","5","Cistus salviifolius","Pinar Puebla",0
"190","Doñana","2021","6","Cistus crispus","Pinar Puebla",1
"191","Doñana","2021","6","Cistus crispus","Pinar Puebla",1
"192","Doñana","2021","6","Cistus crispus","Pinar Puebla",0.75
"193","Doñana","2021","6","Cistus crispus","Pinar Puebla",1
"194","Doñana","2021","6","Cistus crispus","Pinar Puebla",1
"195","Doñana","2021","7","Cistus crispus","Pinar Puebla",0.333333333333333
"196","Doñana","2021","7","Cistus crispus","Pinar Puebla",0
"197","Doñana","2021","7","Cistus crispus","Pinar Puebla",0
"198","Doñana","2021","7","Cistus crispus","Pinar Puebla",0
"199","Doñana","2021","7","Cistus crispus","Pinar Puebla",1
"200","Doñana","2021","8","Cistus crispus","Pinar Puebla",0
"201","Doñana","2021","8","Cistus crispus","Pinar Puebla",0.5
"202","Doñana","2021","8","Cistus crispus","Pinar Puebla",0.5
"203","Doñana","2021","8","Cistus crispus","Pinar Puebla",1
"204","Doñana","2021","2","Cistus ladanifer","Villamanrique Chaparral",0
"205","Doñana","2021","2","Cistus ladanifer","Villamanrique Chaparral",0.2
"206","Doñana","2021","2","Cistus ladanifer","Villamanrique Chaparral",0.4
"207","Doñana","2021","2","Cistus ladanifer","Villamanrique Chaparral",0
"208","Doñana","2021","2","Cistus ladanifer","Villamanrique Chaparral",0
"209","Doñana","2021","3","Cistus ladanifer","Villamanrique Chaparral",0.6
"210","Doñana","2021","3","Cistus ladanifer","Villamanrique Chaparral",1
"211","Doñana","2021","3","Cistus ladanifer","Villamanrique Chaparral",0.5
"212","Doñana","2021","3","Cistus ladanifer","Villamanrique Chaparral",0.2
"213","Doñana","2021","3","Cistus ladanifer","Villamanrique Chaparral",0.75
"214","Doñana","2021","3","Cistus ladanifer","Villamanrique Chaparral",0.4
"215","Doñana","2021","3","Cistus ladanifer","Villamanrique Chaparral",0.2
"216","Doñana","2021","3","Cistus ladanifer","Villamanrique Chaparral",0.6
"217","Doñana","2021","3","Cistus ladanifer","Villamanrique Chaparral",0
"218","Doñana","2021","3","Cistus ladanifer","Villamanrique Chaparral",0
"219","Doñana","2021","3","Cistus salviifolius","Villamanrique Chaparral",1
"220","Doñana","2021","3","Cistus salviifolius","Villamanrique Chaparral",0.8
"221","Doñana","2021","3","Cistus salviifolius","Villamanrique Chaparral",0
"222","Doñana","2021","3","Cistus salviifolius","Villamanrique Chaparral",0.8
"223","Doñana","2021","3","Cistus salviifolius","Villamanrique Chaparral",0.8
"224","Doñana","2021","4","Cistus ladanifer","Villamanrique Chaparral",0.5
"225","Doñana","2021","4","Cistus ladanifer","Villamanrique Chaparral",0.5
"226","Doñana","2021","4","Cistus ladanifer","Villamanrique Chaparral",1
"227","Doñana","2021","4","Cistus ladanifer","Villamanrique Chaparral",1
"228","Doñana","2021","4","Cistus ladanifer","Villamanrique Chaparral",0.75
"229","Doñana","2021","4","Cistus ladanifer","Villamanrique Chaparral",1
"230","Doñana","2021","4","Cistus ladanifer","Villamanrique Chaparral",0
"231","Doñana","2021","4","Cistus ladanifer","Villamanrique Chaparral",0.8
"232","Doñana","2021","4","Cistus salviifolius","Villamanrique Chaparral",1
"233","Doñana","2021","4","Cistus salviifolius","Villamanrique Chaparral",1
"234","Doñana","2021","4","Cistus salviifolius","Villamanrique Chaparral",0.8
"235","Doñana","2021","4","Cistus salviifolius","Villamanrique Chaparral",1
"236","Doñana","2021","4","Cistus salviifolius","Villamanrique Chaparral",0.2
"237","Doñana","2021","4","Cistus salviifolius","Villamanrique Chaparral",0.8
"238","Doñana","2021","4","Cistus salviifolius","Villamanrique Chaparral",0.8
"239","Doñana","2021","4","Cistus salviifolius","Villamanrique Chaparral",0.8
"240","Doñana","2021","4","Cistus salviifolius","Villamanrique Chaparral",0.4
"241","Doñana","2021","4","Cistus salviifolius","Villamanrique Chaparral",0.8
"242","Doñana","2021","5","Cistus crispus","Villamanrique Chaparral",1
"243","Doñana","2021","5","Cistus crispus","Villamanrique Chaparral",1
"244","Doñana","2021","5","Cistus crispus","Villamanrique Chaparral",0
"245","Doñana","2021","5","Cistus crispus","Villamanrique Chaparral",0
"246","Doñana","2021","5","Cistus crispus","Villamanrique Chaparral",0.666666666666667
"247","Doñana","2021","5","Cistus crispus","Villamanrique Chaparral",1
"248","Doñana","2021","5","Cistus crispus","Villamanrique Chaparral",0
"249","Doñana","2021","5","Cistus salviifolius","Villamanrique Chaparral",1
"250","Doñana","2021","5","Cistus salviifolius","Villamanrique Chaparral",1
"251","Doñana","2021","5","Cistus salviifolius","Villamanrique Chaparral",1
"252","Doñana","2021","5","Cistus salviifolius","Villamanrique Chaparral",0.8
"253","Doñana","2021","5","Cistus salviifolius","Villamanrique Chaparral",0.8
"254","Doñana","2021","5","Cistus salviifolius","Villamanrique Chaparral",1
"255","Doñana","2021","5","Cistus salviifolius","Villamanrique Chaparral",1
"256","Doñana","2021","5","Cistus salviifolius","Villamanrique Chaparral",1
"257","Doñana","2021","5","Cistus salviifolius","Villamanrique Chaparral",1
"258","Doñana","2021","5","Cistus salviifolius","Villamanrique Chaparral",1
"259","Doñana","2021","5","Cistus salviifolius","Villamanrique Chaparral",1
"260","Doñana","2021","6","Cistus crispus","Villamanrique Chaparral",0.6
"261","Doñana","2021","6","Cistus crispus","Villamanrique Chaparral",0.8
"262","Doñana","2021","6","Cistus crispus","Villamanrique Chaparral",0.2
"263","Doñana","2021","6","Cistus crispus","Villamanrique Chaparral",1
"264","Doñana","2021","6","Cistus crispus","Villamanrique Chaparral",0.8
"265","Doñana","2021","6","Cistus crispus","Villamanrique Chaparral",0.6
"266","Doñana","2021","6","Cistus crispus","Villamanrique Chaparral",0.8
"267","Doñana","2021","6","Cistus crispus","Villamanrique Chaparral",1
"268","Doñana","2021","6","Cistus crispus","Villamanrique Chaparral",0.2
"269","Doñana","2021","6","Cistus salviifolius","Villamanrique Chaparral",0.8
"270","Doñana","2021","6","Cistus salviifolius","Villamanrique Chaparral",0.8
"271","Doñana","2021","6","Cistus salviifolius","Villamanrique Chaparral",0.6
"272","Doñana","2021","6","Cistus salviifolius","Villamanrique Chaparral",1
"273","Doñana","2021","6","Cistus salviifolius","Villamanrique Chaparral",1
"274","Doñana","2021","6","Cistus salviifolius","Villamanrique Chaparral",0.8
"275","Doñana","2021","6","Cistus salviifolius","Villamanrique Chaparral",1
"276","Doñana","2021","6","Cistus salviifolius","Villamanrique Chaparral",0.6
"277","Doñana","2021","6","Cistus salviifolius","Villamanrique Chaparral",0.6
"278","Doñana","2021","6","Cistus salviifolius","Villamanrique Chaparral",0.4
"279","Doñana","2021","7","Cistus crispus","Villamanrique Chaparral",0.6
"280","Doñana","2021","7","Cistus crispus","Villamanrique Chaparral",1
"281","Doñana","2021","7","Cistus crispus","Villamanrique Chaparral",1
"282","Doñana","2021","7","Cistus crispus","Villamanrique Chaparral",0.8
"283","Doñana","2021","7","Cistus crispus","Villamanrique Chaparral",1
"284","Doñana","2021","7","Cistus crispus","Villamanrique Chaparral",0.6
"285","Doñana","2021","7","Cistus crispus","Villamanrique Chaparral",0.8
"286","Doñana","2021","7","Cistus crispus","Villamanrique Chaparral",0.6
"287","Doñana","2021","7","Cistus crispus","Villamanrique Chaparral",1
"288","Doñana","2021","7","Cistus crispus","Villamanrique Chaparral",1
"289","Doñana","2021","8","Cistus crispus","Villamanrique Chaparral",0
"290","Doñana","2021","8","Cistus crispus","Villamanrique Chaparral",1
"291","Doñana","2021","8","Cistus crispus","Villamanrique Chaparral",1
"292","Doñana","2021","8","Cistus crispus","Villamanrique Chaparral",0.8
"293","Doñana","2021","8","Cistus crispus","Villamanrique Chaparral",0.8
"294","Doñana","2021","8","Cistus crispus","Villamanrique Chaparral",0.6
"295","Doñana","2021","8","Cistus crispus","Villamanrique Chaparral",1
"296","Doñana","2021","8","Cistus crispus","Villamanrique Chaparral",0.4
"297","Doñana","2021","8","Cistus crispus","Villamanrique Chaparral",0.8
"298","Doñana","2021","8","Cistus crispus","Villamanrique Chaparral",1
"299","Doñana","2021","9","Cistus crispus","Villamanrique Chaparral",0
"300","Doñana","2021","9","Cistus crispus","Villamanrique Chaparral",1
"301","Doñana","2021","9","Cistus crispus","Villamanrique Chaparral",0
"302","Doñana","2021","2","Cistus salviifolius","Villamanrique Sur",1
"303","Doñana","2021","2","Cistus salviifolius","Villamanrique Sur",0.8
"304","Doñana","2021","2","Cistus salviifolius","Villamanrique Sur",1
"305","Doñana","2021","2","Cistus salviifolius","Villamanrique Sur",1
"306","Doñana","2021","2","Cistus salviifolius","Villamanrique Sur",1
"307","Doñana","2021","2","Cistus salviifolius","Villamanrique Sur",1
"308","Doñana","2021","2","Cistus salviifolius","Villamanrique Sur",1
"309","Doñana","2021","2","Cistus salviifolius","Villamanrique Sur",1
"310","Doñana","2021","2","Cistus salviifolius","Villamanrique Sur",1
"311","Doñana","2021","2","Cistus salviifolius","Villamanrique Sur",0.8
"312","Doñana","2021","2","Cistus salviifolius","Villamanrique Sur",1
"313","Doñana","2021","3","Cistus salviifolius","Villamanrique Sur",0
"314","Doñana","2021","3","Cistus salviifolius","Villamanrique Sur",1
"315","Doñana","2021","3","Cistus salviifolius","Villamanrique Sur",1
"316","Doñana","2021","3","Cistus salviifolius","Villamanrique Sur",0.8
"317","Doñana","2021","3","Cistus salviifolius","Villamanrique Sur",0.8
"318","Doñana","2021","3","Cistus salviifolius","Villamanrique Sur",1
"319","Doñana","2021","3","Cistus salviifolius","Villamanrique Sur",1
"320","Doñana","2021","3","Cistus salviifolius","Villamanrique Sur",1
"321","Doñana","2021","3","Cistus salviifolius","Villamanrique Sur",1
"322","Doñana","2021","3","Cistus salviifolius","Villamanrique Sur",0.8
"323","Doñana","2021","3","Cistus salviifolius","Villamanrique Sur",1
"324","Doñana","2021","4","Cistus salviifolius","Villamanrique Sur",1
"325","Doñana","2021","4","Cistus salviifolius","Villamanrique Sur",0.8
"326","Doñana","2021","4","Cistus salviifolius","Villamanrique Sur",1
"327","Doñana","2021","4","Cistus salviifolius","Villamanrique Sur",1
"328","Doñana","2021","4","Cistus salviifolius","Villamanrique Sur",0.8
"329","Doñana","2021","4","Cistus salviifolius","Villamanrique Sur",1
"330","Doñana","2021","4","Cistus salviifolius","Villamanrique Sur",1
"331","Doñana","2021","4","Cistus salviifolius","Villamanrique Sur",0.8
"332","Doñana","2021","4","Cistus salviifolius","Villamanrique Sur",1
"333","Doñana","2021","4","Cistus salviifolius","Villamanrique Sur",0.8
"334","Doñana","2021","5","Cistus crispus","Villamanrique Sur",0.5
"335","Doñana","2021","5","Cistus crispus","Villamanrique Sur",1
"336","Doñana","2021","5","Cistus crispus","Villamanrique Sur",1
"337","Doñana","2021","5","Cistus salviifolius","Villamanrique Sur",1
"338","Doñana","2021","5","Cistus salviifolius","Villamanrique Sur",1
"339","Doñana","2021","5","Cistus salviifolius","Villamanrique Sur",1
"340","Doñana","2021","5","Cistus salviifolius","Villamanrique Sur",1
"341","Doñana","2021","5","Cistus salviifolius","Villamanrique Sur",0.8
"342","Doñana","2021","5","Cistus salviifolius","Villamanrique Sur",0.8
"343","Doñana","2021","5","Cistus salviifolius","Villamanrique Sur",1
"344","Doñana","2021","5","Cistus salviifolius","Villamanrique Sur",1
"345","Doñana","2021","5","Cistus salviifolius","Villamanrique Sur",0.6
"346","Doñana","2021","5","Cistus salviifolius","Villamanrique Sur",1
"347","Doñana","2021","5","Halimiun halimifolium","Villamanrique Sur",0.8
"348","Doñana","2021","5","Halimiun halimifolium","Villamanrique Sur",0
"349","Doñana","2021","6","Cistus crispus","Villamanrique Sur",1
"350","Doñana","2021","6","Cistus crispus","Villamanrique Sur",0.8
"351","Doñana","2021","6","Cistus crispus","Villamanrique Sur",0.8
"352","Doñana","2021","6","Cistus crispus","Villamanrique Sur",1
"353","Doñana","2021","6","Cistus crispus","Villamanrique Sur",1
"354","Doñana","2021","6","Cistus crispus","Villamanrique Sur",1
"355","Doñana","2021","6","Cistus crispus","Villamanrique Sur",0.8
"356","Doñana","2021","6","Cistus crispus","Villamanrique Sur",0.8
"357","Doñana","2021","6","Cistus crispus","Villamanrique Sur",0.8
"358","Doñana","2021","6","Cistus crispus","Villamanrique Sur",1
"359","Doñana","2021","6","Cistus salviifolius","Villamanrique Sur",1
"360","Doñana","2021","6","Cistus salviifolius","Villamanrique Sur",0
"361","Doñana","2021","6","Cistus salviifolius","Villamanrique Sur",0.5
"362","Doñana","2021","6","Cistus salviifolius","Villamanrique Sur",0.933333333333333
"363","Doñana","2021","6","Cistus salviifolius","Villamanrique Sur",0.6
"364","Doñana","2021","6","Cistus salviifolius","Villamanrique Sur",1
"365","Doñana","2021","6","Halimiun halimifolium","Villamanrique Sur",0.4
"366","Doñana","2021","6","Halimiun halimifolium","Villamanrique Sur",0.4
"367","Doñana","2021","6","Halimiun halimifolium","Villamanrique Sur",0
"368","Doñana","2021","7","Cistus crispus","Villamanrique Sur",0.8
"369","Doñana","2021","7","Cistus crispus","Villamanrique Sur",0.8
"370","Doñana","2021","7","Cistus crispus","Villamanrique Sur",1
"371","Doñana","2021","7","Cistus crispus","Villamanrique Sur",1
"372","Doñana","2021","7","Cistus crispus","Villamanrique Sur",1
"373","Doñana","2021","7","Cistus crispus","Villamanrique Sur",0.8
"374","Doñana","2021","7","Cistus crispus","Villamanrique Sur",0.8
"375","Doñana","2021","7","Cistus crispus","Villamanrique Sur",0.6
"376","Doñana","2021","7","Cistus crispus","Villamanrique Sur",0.2
"377","Doñana","2021","7","Cistus crispus","Villamanrique Sur",1
"378","Doñana","2021","7","Halimiun halimifolium","Villamanrique Sur",0.1
"379","Doñana","2021","7","Halimiun halimifolium","Villamanrique Sur",0.1
"380","Doñana","2021","7","Halimiun halimifolium","Villamanrique Sur",0
"381","Doñana","2021","8","Cistus crispus","Villamanrique Sur",0
"382","Doñana","2021","8","Cistus crispus","Villamanrique Sur",0
"383","Doñana","2021","8","Cistus crispus","Villamanrique Sur",0.5
"384","Doñana","2021","8","Cistus crispus","Villamanrique Sur",0.2
"385","Doñana","2021","8","Cistus crispus","Villamanrique Sur",0
"386","Doñana","2021","8","Cistus crispus","Villamanrique Sur",0
"387","Doñana","2021","8","Cistus crispus","Villamanrique Sur",0.8
"388","Doñana","2021","8","Cistus crispus","Villamanrique Sur",1
"389","Doñana","2021","8","Cistus crispus","Villamanrique Sur",0
"390","Doñana","2021","8","Halimiun halimifolium","Villamanrique Sur",0
"391","Doñana","2021","8","Halimiun halimifolium","Villamanrique Sur",0
"392","Doñana","2021","8","Halimiun halimifolium","Villamanrique Sur",0
"393","Doñana","2021","9","Cistus crispus","Villamanrique Sur",0
"394","Doñana","2021","9","Cistus crispus","Villamanrique Sur",0.5
"395","Doñana","2021","9","Cistus crispus","Villamanrique Sur",1
"396","Doñana","2021","9","Halimiun halimifolium","Villamanrique Sur",0
"397","Doñana","2021","9","Halimiun halimifolium","Villamanrique Sur",0
"398","Gorbea","2021","4","Vicia pyrenaica","1",1
"399","Gorbea","2021","4","Vicia pyrenaica","1",1
"400","Gorbea","2021","4","Vicia pyrenaica","1",1
"401","Gorbea","2021","4","Vicia pyrenaica","1",1
"402","Gorbea","2021","4","Vicia pyrenaica","1",1
"403","Gorbea","2021","4","Vicia pyrenaica","1",1
"404","Gorbea","2021","4","Vicia pyrenaica","1",1
"405","Gorbea","2021","4","Vicia pyrenaica","1",1
"406","Gorbea","2021","4","Vicia pyrenaica","1",1
"407","Gorbea","2021","4","Vicia pyrenaica","1",1
"408","Gorbea","2021","6","Vicia pyrenaica","1",1
"409","Gorbea","2021","6","Vicia pyrenaica","1",1
"410","Gorbea","2021","6","Vicia pyrenaica","1",1
"411","Gorbea","2021","6","Vicia pyrenaica","1",0.666666666666667
"412","Gorbea","2021","6","Vicia pyrenaica","1",0.666666666666667
"413","Gorbea","2021","6","Vicia pyrenaica","1",1
"414","Gorbea","2021","6","Vicia pyrenaica","1",1
"415","Gorbea","2021","6","Vicia pyrenaica","1",1
"416","Gorbea","2021","4","Vicia pyrenaica","1",1
"417","Gorbea","2021","4","Vicia pyrenaica","1",1
"418","Gorbea","2021","4","Vicia pyrenaica","1",1
"419","Gorbea","2021","6","Vicia pyrenaica","1",1
"420","Gorbea","2021","6","Vicia pyrenaica","1",1
"421","Gorbea","2021","6","Vicia pyrenaica","1",1
"422","Gorbea","2021","2","Primula elatior","1",0.75
"423","Gorbea","2021","2","Primula elatior","1",0.75
"424","Gorbea","2021","2","Primula elatior","1",0.75
"425","Gorbea","2021","2","Primula elatior","1",0.75
"426","Gorbea","2021","2","Primula elatior","1",0.75
"427","Gorbea","2021","2","Primula elatior","1",0.75
"428","Gorbea","2021","2","Primula elatior","1",1
"429","Gorbea","2021","2","Primula elatior","1",1
"430","Gorbea","2021","2","Primula elatior","1",1
"431","Gorbea","2021","2","Primula elatior","1",0
"432","Gorbea","2021","2","Primula elatior","1",0.833333333333333
"433","Gorbea","2021","2","Primula elatior","1",0.833333333333333
"434","Gorbea","2021","2","Primula elatior","1",0.833333333333333
"435","Gorbea","2021","2","Primula elatior","1",0.833333333333333
"436","Gorbea","2021","2","Primula elatior","1",0.833333333333333
"437","Gorbea","2021","2","Primula elatior","1",0
"438","Gorbea","2021","2","Primula veris","1",1
"439","Gorbea","2021","2","Primula veris","1",1
"440","Gorbea","2021","2","Primula veris","1",1
"441","Gorbea","2021","2","Primula veris","1",1
"442","Gorbea","2021","2","Primula veris","1",1
"443","Gorbea","2021","2","Primula veris","1",1
"444","Gorbea","2021","2","Primula veris","1",1
"445","Gorbea","2021","2","Primula veris","1",1
"446","Gorbea","2021","2","Primula veris","1",1
"447","Gorbea","2021","2","Primula veris","1",1
"448","Gorbea","2021","2","Primula veris","1",1
"449","Gorbea","2021","2","Primula veris","1",1
"450","Gorbea","2021","2","Primula veris","1",1
"451","Gorbea","2021","2","Viola riviniana","1",1
"452","Gorbea","2021","2","Viola riviniana","1",1
"453","Gorbea","2021","2","Viola riviniana","1",1
"454","Gorbea","2021","3","Hutchinsia alpina","1",0.96
"455","Gorbea","2021","4","Helleborus viridis","1",0.8
"456","Gorbea","2021","4","Helleborus viridis","1",0.8
"457","Gorbea","2021","4","Helleborus viridis","1",0.8
"458","Gorbea","2021","4","Helleborus viridis","1",0.8
"459","Gorbea","2021","4","Helleborus viridis","1",1
"460","Gorbea","2021","4","Helleborus viridis","1",1
"461","Gorbea","2021","4","Helleborus viridis","1",1
"462","Gorbea","2021","4","Helleborus viridis","1",1
"463","Gorbea","2021","4","Helleborus viridis","1",1
"464","Gorbea","2021","4","Helleborus viridis","1",0.8
"465","Gorbea","2021","4","Helleborus viridis","1",0.8
"466","Gorbea","2021","4","Helleborus viridis","1",0.8
"467","Gorbea","2021","4","Helleborus viridis","1",0.8
"468","Gorbea","2021","4","Helleborus viridis","1",0.4
"469","Gorbea","2021","4","Helleborus viridis","1",0.4
"470","Gorbea","2021","4","Helleborus viridis","1",0.6
"471","Gorbea","2021","4","Helleborus viridis","1",0.6
"472","Gorbea","2021","4","Helleborus viridis","1",0.6
"473","Gorbea","2021","2","Helleborus viridis","1",1
"474","Gorbea","2021","2","Helleborus viridis","1",0.6
"475","Gorbea","2021","2","Helleborus viridis","1",0.8
"476","Gorbea","2021","2","Helleborus viridis","1",0.8
"477","Gorbea","2021","2","Helleborus viridis","1",1
"478","Gorbea","2021","2","Helleborus viridis","1",1
"479","Gorbea","2021","2","Helleborus viridis","1",1
"480","Gorbea","2021","2","Helleborus viridis","1",1
"481","Gorbea","2021","2","Helleborus viridis","1",1
"482","Gorbea","2021","2","Helleborus viridis","1",1
"483","Gorbea","2021","2","Helleborus viridis","1",1
"484","Gorbea","2021","2","Helleborus viridis","1",1
"485","Gorbea","2021","2","Helleborus viridis","1",1
"486","Gorbea","2021","2","Helleborus viridis","1",1
"487","Gorbea","2021","2","Helleborus viridis","1",0.6
"488","Gorbea","2021","2","Helleborus viridis","1",0.6
"489","Gorbea","2021","2","Helleborus viridis","1",0.6
"490","Gorbea","2021","2","Helleborus viridis","1",0.8
"491","Gorbea","2021","2","Helleborus viridis","1",0.8
"492","Gorbea","2021","2","Helleborus viridis","1",0.8
"493","Gorbea","2021","2","Helleborus viridis","1",0.8
"494","Gorbea","2021","2","Helleborus viridis","1",0.8
"495","Gorbea","2021","2","Helleborus viridis","1",0.8
"496","Gorbea","2021","2","Helleborus viridis","1",0.8
"497","Gorbea","2021","2","Helleborus viridis","1",0.8
"498","Gorbea","2021","2","Helleborus viridis","1",1
"499","Gorbea","2021","2","Helleborus viridis","1",1
"500","Gorbea","2021","2","Helleborus viridis","1",1
"501","Gorbea","2021","2","Helleborus viridis","1",1
"502","Gorbea","2021","2","Helleborus viridis","1",1
"503","Gorbea","2021","2","Helleborus viridis","1",0.4
"504","Gorbea","2021","2","Helleborus viridis","1",0.4
"505","Gorbea","2021","5","Cardamine pratensis","1",0.833333333333333
"506","Gorbea","2021","3","Erysimum gorbeanum","1",0.722222222222222
"507","Gorbea","2021","3","Erysimum gorbeanum","1",0.722222222222222
"508","Gorbea","2021","3","Erysimum gorbeanum","1",0.722222222222222
"509","Gorbea","2021","3","Erysimum gorbeanum","1",0.722222222222222
"510","Gorbea","2021","3","Erysimum gorbeanum","1",0.722222222222222
"511","Gorbea","2021","3","Erysimum gorbeanum","1",0.722222222222222
"512","Gorbea","2021","3","Erysimum gorbeanum","1",0.722222222222222
"513","Gorbea","2021","3","Erysimum gorbeanum","1",0.722222222222222
"514","Gorbea","2021","3","Erysimum gorbeanum","1",0.722222222222222
"515","Gorbea","2021","3","Erysimum gorbeanum","1",0.722222222222222
"516","Gorbea","2021","3","Erysimum gorbeanum","1",0.722222222222222
"517","Gorbea","2021","3","Erysimum gorbeanum","1",0.722222222222222
"518","Gorbea","2021","3","Erysimum gorbeanum","1",0.722222222222222
"519","Gorbea","2021","3","Erysimum gorbeanum","1",0.8125
"520","Gorbea","2021","3","Erysimum gorbeanum","1",0.8125
"521","Gorbea","2021","3","Erysimum gorbeanum","1",0.8125
"522","Gorbea","2021","3","Erysimum gorbeanum","1",0.8125
"523","Gorbea","2021","3","Erysimum gorbeanum","1",0.8125
"524","Gorbea","2021","3","Erysimum gorbeanum","1",0.8125
"525","Gorbea","2021","3","Erysimum gorbeanum","1",0.8125
"526","Gorbea","2021","3","Erysimum gorbeanum","1",0.8125
"527","Gorbea","2021","3","Erysimum gorbeanum","1",0.8125
"528","Gorbea","2021","3","Erysimum gorbeanum","1",0.8125
"529","Gorbea","2021","3","Erysimum gorbeanum","1",0.8125
"530","Gorbea","2021","3","Erysimum gorbeanum","1",0.8125
"531","Gorbea","2021","3","Erysimum gorbeanum","1",0.8125
"532","Gorbea","2021","5","Erysimum gorbeanum","1",0.666666666666667
"533","Gorbea","2021","5","Erysimum gorbeanum","1",0.666666666666667
"534","Gorbea","2021","5","Erysimum gorbeanum","1",0.666666666666667
"535","Gorbea","2021","5","Erysimum gorbeanum","1",0.666666666666667
"536","Gorbea","2021","5","Erysimum gorbeanum","1",0.666666666666667
"537","Gorbea","2021","5","Erysimum gorbeanum","1",0.666666666666667
"538","Gorbea","2021","5","Erysimum gorbeanum","1",0.875
"539","Gorbea","2021","5","Erysimum gorbeanum","1",0.875
"540","Gorbea","2021","5","Erysimum gorbeanum","1",0.875
"541","Gorbea","2021","5","Erysimum gorbeanum","1",0.875
"542","Gorbea","2021","5","Erysimum gorbeanum","1",0.875
"543","Gorbea","2021","5","Erysimum gorbeanum","1",0.875
"544","Gorbea","2021","5","Erysimum gorbeanum","1",0.875
"545","Gorbea","2021","6","Erysimum gorbeanum","1",0.526315789473684
"546","Gorbea","2021","6","Erysimum gorbeanum","1",0.526315789473684
"547","Gorbea","2021","6","Erysimum gorbeanum","1",0.526315789473684
"548","Gorbea","2021","6","Erysimum gorbeanum","1",0.526315789473684
"549","Gorbea","2021","6","Erysimum gorbeanum","1",0.526315789473684
"550","Gorbea","2021","6","Erysimum gorbeanum","1",0.526315789473684
"551","Gorbea","2021","6","Erysimum gorbeanum","1",0.526315789473684
"552","Gorbea","2021","6","Erysimum gorbeanum","1",0.526315789473684
"553","Gorbea","2021","6","Erysimum gorbeanum","1",0.526315789473684
"554","Gorbea","2021","6","Erysimum gorbeanum","1",0.526315789473684
"555","Gorbea","2021","6","Erysimum gorbeanum","1",0.615384615384615
"556","Gorbea","2021","6","Erysimum gorbeanum","1",0.615384615384615
"557","Gorbea","2021","6","Erysimum gorbeanum","1",0.615384615384615
"558","Gorbea","2021","6","Erysimum gorbeanum","1",0.615384615384615
"559","Gorbea","2021","6","Erysimum gorbeanum","1",0.615384615384615
"560","Gorbea","2021","6","Erysimum gorbeanum","1",0.615384615384615
"561","Gorbea","2021","6","Erysimum gorbeanum","1",0.615384615384615
"562","Gorbea","2021","6","Erysimum gorbeanum","1",0.615384615384615
"563","Gorbea","2021","4","Scilla verna","1",1
"564","Gorbea","2021","4","Scilla verna","1",1
"565","Gorbea","2021","4","Scilla verna","1",1
"566","Gorbea","2021","4","Scilla verna","1",1
"567","Gorbea","2021","4","Scilla verna","1",1
"568","Gorbea","2021","4","Scilla verna","1",1
"569","Gorbea","2021","4","Scilla verna","1",1
"570","Gorbea","2021","4","Scilla verna","1",1
"571","Gorbea","2021","4","Scilla verna","1",0.8
"572","Gorbea","2021","4","Scilla verna","1",0.8
"573","Gorbea","2021","4","Scilla verna","1",0.8
"574","Gorbea","2021","4","Scilla verna","1",0.8
"575","Gorbea","2021","4","Scilla verna","1",0.333333333333333
"576","Gorbea","2021","4","Scilla verna","1",0.333333333333333
"577","Gorbea","2021","4","Scilla verna","1",1
"578","Gorbea","2021","4","Scilla verna","1",1
"579","Gorbea","2021","4","Scilla verna","1",1
"580","Gorbea","2021","4","Scilla verna","1",1
"581","Gorbea","2021","4","Scilla verna","1",0.75
"582","Gorbea","2021","2","Ranunculus ficaria","1",1
"583","Gorbea","2021","2","Oxalis acetosella","1",1
"584","Gorbea","2021","2","Oxalis acetosella","1",0
"585","Gorbea","2021","2","Oxalis acetosella","1",1
"586","Gorbea","2021","2","Oxalis acetosella","1",1
"587","Gorbea","2021","2","Oxalis acetosella","1",1
"588","Gorbea","2021","4","Scilla verna","5",1
"589","Gorbea","2021","4","Scilla verna","5",1
"590","Gorbea","2021","4","Scilla verna","5",1
"591","Gorbea","2021","4","Scilla verna","5",1
"592","Gorbea","2021","4","Scilla verna","5",0.5
"593","Gorbea","2021","4","Scilla verna","5",0.5
"594","Gorbea","2021","4","Scilla verna","5",0.75
"595","Gorbea","2021","4","Scilla verna","5",0.75
"596","Gorbea","2021","4","Scilla verna","5",0.75
"597","Gorbea","2021","4","Scilla verna","5",0.333333333333333
"598","Gorbea","2021","4","Scilla verna","5",1
"599","Gorbea","2021","4","Scilla verna","5",1
"600","Gorbea","2021","4","Scilla verna","5",1
"601","Gorbea","2021","4","Scilla verna","5",1
"602","Gorbea","2021","4","Scilla verna","5",1
"603","Gorbea","2021","4","Scilla verna","5",1
"604","Gorbea","2021","4","Scilla verna","5",1
"605","Gorbea","2021","4","Scilla verna","5",1
"606","Gorbea","2021","4","Scilla verna","5",0.666666666666667
"607","Gorbea","2021","4","Scilla verna","5",0.666666666666667
"608","Gorbea","2021","4","Scilla verna","5",0.666666666666667
"609","Gorbea","2021","4","Scilla verna","5",0.666666666666667
"610","Gorbea","2021","1","Scilla verna","5",1
"611","Gorbea","2021","1","Scilla verna","5",1
"612","Gorbea","2021","1","Scilla verna","5",1
"613","Gorbea","2021","1","Scilla verna","5",0.75
"614","Gorbea","2021","1","Scilla verna","5",0.75
"615","Gorbea","2021","1","Scilla verna","5",0.75
"616","Gorbea","2021","1","Scilla verna","5",1
"617","Gorbea","2021","1","Scilla verna","5",1
"618","Gorbea","2021","1","Scilla verna","5",0.166666666666667
"619","Gorbea","2021","1","Pedicularis sylvatica","5",1
"620","Gorbea","2021","1","Pedicularis sylvatica","5",1
"621","Gorbea","2021","1","Pedicularis sylvatica","5",1
"622","Gorbea","2021","1","Pedicularis sylvatica","5",1
"623","Gorbea","2021","1","Pedicularis sylvatica","5",1
"624","Gorbea","2021","1","Pedicularis sylvatica","5",0.5
"625","Gorbea","2021","1","Pedicularis sylvatica","5",1
"626","Gorbea","2021","1","Scilla verna","4",0.666666666666667
"627","Gorbea","2021","1","Scilla verna","4",0.666666666666667
"628","Gorbea","2021","1","Scilla verna","4",0.666666666666667
"629","Gorbea","2021","1","Scilla verna","4",0.666666666666667
"630","Gorbea","2021","1","Scilla verna","4",0.5
"631","Gorbea","2021","1","Scilla verna","4",0.8
"632","Gorbea","2021","1","Scilla verna","4",0.8
"633","Gorbea","2021","1","Scilla verna","4",0.8
"634","Gorbea","2021","1","Scilla verna","4",0.8
"635","Gorbea","2021","1","Scilla verna","4",0.142857142857143
"636","Gorbea","2021","1","Scilla verna","4",0.8
"637","Gorbea","2021","1","Scilla verna","4",0.666666666666667
"638","Gorbea","2021","1","Scilla verna","4",0.666666666666667
"639","Gorbea","2021","1","Scilla verna","4",0.666666666666667
"640","Gorbea","2021","1","Scilla verna","4",0.666666666666667
"641","Gorbea","2021","1","Scilla verna","4",0.666666666666667
"642","Gorbea","2021","1","Scilla verna","4",0.666666666666667
"643","Gorbea","2021","1","Scilla verna","4",0.666666666666667
"644","Gorbea","2021","1","Scilla verna","4",0.666666666666667
"645","Gorbea","2021","1","Scilla verna","4",0.6
"646","Gorbea","2021","1","Scilla verna","4",0.6
"647","Gorbea","2021","1","Scilla verna","4",0.6
"648","Gorbea","2021","2","Scilla verna","4",0.75
"649","Gorbea","2021","2","Scilla verna","4",0.75
"650","Gorbea","2021","2","Scilla verna","4",0.75
"651","Gorbea","2021","2","Scilla verna","4",1
"652","Gorbea","2021","2","Scilla verna","4",1
"653","Gorbea","2021","2","Scilla verna","4",1
"654","Gorbea","2021","2","Scilla verna","4",1
"655","Gorbea","2021","2","Scilla verna","4",1
"656","Gorbea","2021","2","Scilla verna","4",0.5
"657","Gorbea","2021","2","Scilla verna","4",0.5
"658","Gorbea","2021","2","Scilla verna","4",1
"659","Gorbea","2021","2","Scilla verna","4",1
"660","Gorbea","2021","2","Scilla verna","4",1
"661","Gorbea","2021","2","Scilla verna","4",1
"662","Gorbea","2021","2","Scilla verna","4",0.6
"663","Gorbea","2021","2","Scilla verna","4",0.6
"664","Gorbea","2021","2","Scilla verna","4",0.6
"665","Gorbea","2021","2","Scilla verna","4",1
"666","Gorbea","2021","2","Scilla verna","4",1
"667","Gorbea","2021","2","Scilla verna","4",0
"668","Gorbea","2021","2","Scilla verna","4",0
"669","Gorbea","2021","2","Scilla verna","4",0.833333333333333
"670","Gorbea","2021","2","Scilla verna","4",0.166666666666667
"671","Gorbea","2021","2","Scilla verna","4",0
"672","Gorbea","2021","2","Scilla verna","4",0
"673","Gorbea","2021","2","Scilla verna","4",0
"674","Gorbea","2021","2","Scilla verna","3",1
"675","Gorbea","2021","2","Scilla verna","3",0.8
"676","Gorbea","2021","2","Scilla verna","3",0.8
"677","Gorbea","2021","2","Scilla verna","3",0.2
"678","Gorbea","2021","2","Scilla verna","3",1
"679","Gorbea","2021","2","Scilla verna","3",1
"680","Gorbea","2021","2","Scilla verna","3",1
"681","Gorbea","2021","2","Scilla verna","3",0.363636363636364
"682","Gorbea","2021","2","Scilla verna","3",0.75
"683","Gorbea","2021","2","Scilla verna","3",1
"684","Gorbea","2021","2","Lathyrus linifolius","3",1
"685","Gorbea","2021","2","Lathyrus linifolius","3",1
"686","Gorbea","2021","2","Lathyrus linifolius","3",0.5
"687","Gorbea","2021","2","Lathyrus linifolius","3",0.2
"688","Gorbea","2021","2","Lathyrus linifolius","3",0.5
"689","Gorbea","2021","2","Lathyrus linifolius","3",0.5
"690","Gorbea","2021","2","Lathyrus linifolius","3",0.5
"691","Gorbea","2021","3","Lathyrus linifolius","3",1
"692","Gorbea","2021","3","Lathyrus linifolius","3",0.5
"693","Gorbea","2021","3","Lathyrus linifolius","3",1
"694","Gorbea","2021","3","Lathyrus linifolius","3",1
"695","Gorbea","2021","3","Lathyrus linifolius","3",0.5
"696","Gorbea","2021","5","Lathyrus linifolius","3",0.333333333333333
"697","Gorbea","2021","5","Helianthemum nummularium","3",0.333333333333333
"698","Gorbea","2021","5","Helianthemum nummularium","3",0.333333333333333
"699","Gorbea","2021","5","Helianthemum nummularium","3",0.555555555555556
"700","Gorbea","2021","5","Helianthemum nummularium","3",0.555555555555556
"701","Gorbea","2021","5","Helianthemum nummularium","3",0.555555555555556
"702","Gorbea","2021","5","Helianthemum nummularium","3",0.555555555555556
"703","Gorbea","2021","5","Helianthemum nummularium","3",0.555555555555556
"704","Gorbea","2021","6","Helianthemum nummularium","3",1
"705","Gorbea","2021","6","Helianthemum nummularium","3",1
"706","Gorbea","2021","6","Helianthemum nummularium","3",1
"707","Gorbea","2021","6","Helianthemum nummularium","3",1
"708","Gorbea","2021","6","Helianthemum nummularium","3",0.5
"709","Gorbea","2021","6","Helianthemum nummularium","3",0.5
"710","Gorbea","2021","6","Helianthemum nummularium","3",1
"711","Gorbea","2021","6","Helianthemum nummularium","3",1
"712","Gorbea","2021","6","Helianthemum nummularium","3",0.5
"713","Gorbea","2021","6","Helianthemum nummularium","3",0.5
"714","Gorbea","2021","6","Helianthemum nummularium","3",0.333333333333333
"715","Gorbea","2021","6","Helianthemum nummularium","3",0.333333333333333
"716","Gorbea","2021","3","Hippocrepis comosa","3",0.571428571428571
"717","Gorbea","2021","3","Hippocrepis comosa","3",0.5
"718","Gorbea","2021","3","Hippocrepis comosa","3",0.444444444444444
"719","Gorbea","2021","3","Hippocrepis comosa","3",0.4
"720","Gorbea","2021","3","Hippocrepis comosa","3",0.285714285714286
"721","Gorbea","2021","3","Hippocrepis comosa","3",0.428571428571429
"722","Gorbea","2021","3","Hippocrepis comosa","3",0.571428571428571
"723","Gorbea","2021","3","Hippocrepis comosa","3",0.571428571428571
"724","Gorbea","2021","3","Hippocrepis comosa","3",0.571428571428571
"725","Gorbea","2021","3","Hippocrepis comosa","3",0.571428571428571
"726","Gorbea","2021","3","Hippocrepis comosa","3",0.666666666666667
"727","Gorbea","2021","3","Hippocrepis comosa","3",0.666666666666667
"728","Gorbea","2021","3","Hippocrepis comosa","3",0.666666666666667
"729","Gorbea","2021","3","Hippocrepis comosa","3",0.666666666666667
"730","Gorbea","2021","3","Hippocrepis comosa","3",0.833333333333333
"731","Gorbea","2021","3","Hippocrepis comosa","3",0.833333333333333
"732","Gorbea","2021","3","Hippocrepis comosa","3",0.833333333333333
"733","Gorbea","2021","3","Hippocrepis comosa","3",0.833333333333333
"734","Gorbea","2021","3","Hippocrepis comosa","3",0.833333333333333
"735","Gorbea","2021","5","Hippocrepis comosa","3",0.428571428571429
"736","Gorbea","2021","5","Hippocrepis comosa","3",0.428571428571429
"737","Gorbea","2021","5","Hippocrepis comosa","3",0.428571428571429
"738","Gorbea","2021","5","Hippocrepis comosa","3",0.666666666666667
"739","Gorbea","2021","5","Hippocrepis comosa","3",0.666666666666667
"740","Gorbea","2021","5","Hippocrepis comosa","3",0.666666666666667
"741","Gorbea","2021","5","Hippocrepis comosa","3",0.666666666666667
"742","Gorbea","2021","5","Hippocrepis comosa","3",0.5
"743","Gorbea","2021","5","Hippocrepis comosa","3",0.5
"744","Gorbea","2021","5","Hippocrepis comosa","3",0.5
"745","Gorbea","2021","5","Hippocrepis comosa","3",0.833333333333333
"746","Gorbea","2021","5","Hippocrepis comosa","3",0.833333333333333
"747","Gorbea","2021","5","Hippocrepis comosa","3",0.833333333333333
"748","Gorbea","2021","5","Hippocrepis comosa","3",0.833333333333333
"749","Gorbea","2021","5","Hippocrepis comosa","3",0.833333333333333
"750","Gorbea","2021","5","Hippocrepis comosa","3",0.5
"751","Gorbea","2021","5","Hippocrepis comosa","3",0.5
"752","Gorbea","2021","5","Hippocrepis comosa","3",0.5
"753","Gorbea","2021","6","Hippocrepis comosa","3",0.428571428571429
"754","Gorbea","2021","6","Hippocrepis comosa","3",0.428571428571429
"755","Gorbea","2021","6","Hippocrepis comosa","3",0.428571428571429
"756","Gorbea","2021","6","Hippocrepis comosa","3",0.5
"757","Gorbea","2021","6","Hippocrepis comosa","3",0.5
"758","Gorbea","2021","6","Hippocrepis comosa","3",0.5
"759","Gorbea","2021","6","Hippocrepis comosa","3",0.166666666666667
"760","Gorbea","2021","6","Hippocrepis comosa","3",0.428571428571429
"761","Gorbea","2021","6","Hippocrepis comosa","3",0.428571428571429
"762","Gorbea","2021","6","Hippocrepis comosa","3",0.428571428571429
"763","Gorbea","2021","6","Hippocrepis comosa","3",0.285714285714286
"764","Gorbea","2021","6","Hippocrepis comosa","3",0.285714285714286
"765","Gorbea","2021","3","Pedicularis sylvatica","3",1
"766","Gorbea","2021","3","Pedicularis sylvatica","3",1
"767","Gorbea","2021","3","Pedicularis sylvatica","3",1
"768","Gorbea","2021","3","Pedicularis sylvatica","3",1
"769","Gorbea","2021","3","Pedicularis sylvatica","3",1
"770","Gorbea","2021","3","Pedicularis sylvatica","3",1
"771","Gorbea","2021","3","Pedicularis sylvatica","3",1
"772","Gorbea","2021","3","Pedicularis sylvatica","3",1
"773","Gorbea","2021","3","Pedicularis sylvatica","3",1
"774","Gorbea","2021","3","Pedicularis sylvatica","3",1
"775","Gorbea","2021","3","Pedicularis sylvatica","3",0.75
"776","Gorbea","2021","6","Lotus corniculatus","3",0
"777","Gorbea","2021","6","Lotus corniculatus","3",0.5
"778","Gorbea","2021","6","Lotus corniculatus","3",0.5
"779","Gorbea","2021","6","Lotus corniculatus","3",0.75
"780","Gorbea","2021","6","Lotus corniculatus","3",0.75
"781","Gorbea","2021","6","Lotus corniculatus","3",0.75
"782","Gorbea","2021","6","Lotus corniculatus","3",0.5
"783","Gorbea","2021","6","Lotus corniculatus","3",0.5
"784","Gorbea","2021","6","Lotus corniculatus","3",0.666666666666667
"785","Gorbea","2021","6","Lotus corniculatus","3",0.666666666666667
"786","Gorbea","2021","6","Lotus corniculatus","3",0.75
"787","Gorbea","2021","6","Lotus corniculatus","3",0.75
"788","Gorbea","2021","6","Lotus corniculatus","3",0.75
"789","Gorbea","2021","6","Lotus corniculatus","3",0
"790","Gorbea","2021","4","Cardamine pratensis","2",1
"791","Gorbea","2021","4","Cardamine pratensis","2",1
"792","Gorbea","2021","4","Cardamine pratensis","2",1
"793","Gorbea","2021","4","Cardamine pratensis","2",1
"794","Gorbea","2021","4","Cardamine pratensis","2",1
"795","Gorbea","2021","4","Cardamine pratensis","2",1
"796","Gorbea","2021","4","Cardamine pratensis","2",1
"797","Gorbea","2021","4","Cardamine pratensis","2",1
"798","Gorbea","2021","5","Cardamine pratensis","2",1
"799","Gorbea","2021","5","Cardamine pratensis","2",1
"800","Gorbea","2021","5","Cardamine pratensis","2",1
"801","Gorbea","2021","5","Cardamine pratensis","2",1
"802","Gorbea","2021","5","Cardamine pratensis","2",1
"803","Gorbea","2021","5","Cardamine pratensis","2",1
"804","Gorbea","2021","5","Cardamine pratensis","2",1
"805","Gorbea","2021","5","Cardamine pratensis","2",1
"806","Gorbea","2021","5","Cardamine pratensis","2",1
"807","Gorbea","2021","5","Cardamine pratensis","2",1
"808","Gorbea","2021","5","Cardamine pratensis","2",1
"809","Gorbea","2021","5","Cardamine pratensis","2",1
"810","Gorbea","2021","5","Cardamine pratensis","2",1
"811","Gorbea","2021","5","Cardamine pratensis","2",1
"812","Gorbea","2021","5","Cardamine pratensis","2",1
"813","Gorbea","2021","5","Cardamine pratensis","2",1
"814","Gorbea","2021","5","Cardamine pratensis","2",1
"815","Gorbea","2021","5","Cardamine pratensis","2",1
"816","Gorbea","2021","5","Cardamine pratensis","2",1
"817","Gorbea","2021","5","Cardamine pratensis","2",1
"818","Gorbea","2021","5","Cardamine pratensis","2",1
"819","Gorbea","2021","5","Cardamine pratensis","2",1
"820","Gorbea","2021","5","Cardamine pratensis","2",1
"821","Gorbea","2021","5","Cardamine pratensis","2",1
"822","Gorbea","2021","5","Cardamine pratensis","2",1
"823","Gorbea","2021","5","Cardamine pratensis","2",1
"824","Gorbea","2021","5","Cardamine pratensis","2",1
"825","Gorbea","2021","5","Cardamine pratensis","2",1
"826","Gorbea","2021","5","Cardamine pratensis","2",1
"827","Gorbea","2021","5","Cardamine pratensis","2",1
"828","Gorbea","2021","5","Cardamine pratensis","2",1
"829","Gorbea","2021","5","Cardamine pratensis","2",1
"830","Gorbea","2021","5","Cardamine pratensis","2",1
"831","Gorbea","2021","5","Cardamine pratensis","2",1
"832","Gorbea","2021","5","Cardamine pratensis","2",1
"833","Gorbea","2021","5","Cardamine pratensis","2",1
"834","Gorbea","2021","5","Cardamine pratensis","2",1
"835","Gorbea","2021","5","Cardamine pratensis","2",1
"836","Gorbea","2021","5","Cardamine pratensis","2",1
"837","Gorbea","2021","5","Cardamine pratensis","2",1
"838","Gorbea","2021","5","Cardamine pratensis","2",1
"839","Gorbea","2021","3","Hutchinsia alpina","2",1
"840","Gorbea","2021","3","Hutchinsia alpina","2",1
"841","Gorbea","2021","3","Hutchinsia alpina","2",1
"842","Gorbea","2021","3","Hutchinsia alpina","2",1
"843","Gorbea","2021","3","Hutchinsia alpina","2",1
"844","Gorbea","2021","3","Hutchinsia alpina","2",1
"845","Gorbea","2021","3","Hutchinsia alpina","2",0.266666666666667
"846","Gorbea","2021","3","Hutchinsia alpina","2",1
"847","Gorbea","2021","3","Hepatica nobilis","2",1
"848","Gorbea","2021","3","Hepatica nobilis","2",1
"849","Gorbea","2021","3","Hepatica nobilis","2",1
"850","Gorbea","2021","3","Hepatica nobilis","2",1
"851","Gorbea","2021","3","Hepatica nobilis","2",1
"852","Gorbea","2021","3","Hepatica nobilis","2",1
"853","Gorbea","2021","3","Hepatica nobilis","2",1
"854","Gorbea","2021","3","Hepatica nobilis","2",1
"855","Gorbea","2021","3","Hepatica nobilis","2",1
"856","Gorbea","2021","3","Hepatica nobilis","2",1
"857","Gorbea","2021","2","Scilla verna","5",0
"858","Gorbea","2021","2","Scilla verna","5",0
"859","Gorbea","2021","2","Scilla verna","5",0
"860","Gorbea","2021","3","Oxalis acetosella","2",0
"861","Gorbea","2021","3","Oxalis acetosella","2",0
"862","Gorbea","2021","3","Oxalis acetosella","2",0
"863","Gorbea","2021","3","Oxalis acetosella","2",0
"864","Gorbea","2021","3","Oxalis acetosella","2",0
"865","Gorbea","2021","3","Hepatica nobilis","2",1
"866","Gorbea","2021","3","Hepatica nobilis","2",1
"867","Gorbea","2021","3","Hepatica nobilis","2",1
"868","Gorbea","2021","3","Hepatica nobilis","2",1
"869","Gorbea","2021","3","Hepatica nobilis","2",1
"870","Gorbea","2021","3","Hepatica nobilis","2",1
"871","Gorbea","2021","3","Hepatica nobilis","2",1
"872","Gorbea","2021","3","Hepatica nobilis","2",1
"873","Gorbea","2021","3","Hepatica nobilis","2",1
"874","Gorbea","2021","3","Hepatica nobilis","2",1
"875","Gorbea","2021","3","Hepatica nobilis","2",1
"876","Gorbea","2021","3","Hepatica nobilis","2",1
"877","Gorbea","2021","3","Hepatica nobilis","2",1
"878","Gorbea","2021","3","Hepatica nobilis","2",1
"879","Gorbea","2021","3","Hepatica nobilis","2",1
"880","Gorbea","2021","3","Hepatica nobilis","2",1
"881","Gorbea","2021","3","Hepatica nobilis","2",1
"882","Gorbea","2021","3","Hepatica nobilis","2",1
"883","Gorbea","2021","3","Hepatica nobilis","2",1
"884","Gorbea","2021","3","Hepatica nobilis","2",1
"885","Gorbea","2021","3","Hepatica nobilis","2",1
"886","Gorbea","2021","3","Hepatica nobilis","2",1
"887","Gorbea","2021","3","Hepatica nobilis","2",1
"888","Gorbea","2021","3","Hepatica nobilis","2",1
"889","Gorbea","2021","3","Hepatica nobilis","2",1
"890","Gorbea","2021","3","Hepatica nobilis","2",1
"891","Gorbea","2021","3","Hepatica nobilis","2",1
"892","Gorbea","2021","3","Hepatica nobilis","2",1
"893","Gorbea","2021","3","Hepatica nobilis","2",1
"894","Gorbea","2021","3","Hepatica nobilis","2",1
"895","Gorbea","2021","3","Hepatica nobilis","2",1
"896","Gorbea","2021","3","Hepatica nobilis","2",1
"897","Gorbea","2021","3","Hepatica nobilis","2",1
"898","Gorbea","2021","3","Hepatica nobilis","2",1
"899","Gorbea","2021","3","Hepatica nobilis","2",1
"900","Gorbea","2021","3","Hepatica nobilis","2",1
"901","Gorbea","2021","3","Hepatica nobilis","2",1
"902","Gorbea","2021","3","Hepatica nobilis","2",1
"903","Gorbea","2021","3","Hepatica nobilis","2",1
"904","Gorbea","2021","3","Hepatica nobilis","2",1
"905","Gorbea","2021","3","Hepatica nobilis","2",1
"906","Gorbea","2021","3","Hepatica nobilis","2",1
"907","Gorbea","2021","3","Hepatica nobilis","2",1
"908","Gorbea","2021","3","Hepatica nobilis","2",1
"909","Gorbea","2021","3","Hepatica nobilis","2",1
"910","Gorbea","2021","3","Hepatica nobilis","2",1
"911","Gorbea","2021","3","Hepatica nobilis","2",1
"912","Gorbea","2021","3","Hepatica nobilis","2",1
"913","Gorbea","2021","3","Hepatica nobilis","2",1
"914","Gorbea","2021","3","Hepatica nobilis","2",1
"915","Gorbea","2021","3","Hepatica nobilis","2",1
"916","Gorbea","2021","3","Hepatica nobilis","2",1
"917","Gorbea","2021","3","Hepatica nobilis","2",1
"918","Gorbea","2021","3","Hepatica nobilis","2",1
"919","Gorbea","2021","3","Hepatica nobilis","2",1
"920","Gorbea","2021","3","Hepatica nobilis","2",1
"921","Gorbea","2021","3","Hepatica nobilis","2",1
"922","Gorbea","2021","3","Hepatica nobilis","2",1
"923","Gorbea","2021","3","Hepatica nobilis","2",1
"924","Gorbea","2021","3","Hepatica nobilis","2",1
"925","Gorbea","2021","3","Hepatica nobilis","2",1
"926","Gorbea","2021","3","Hepatica nobilis","2",1
"927","Gorbea","2021","3","Hepatica nobilis","2",1
"928","Gorbea","2021","3","Hepatica nobilis","2",1
"929","Gorbea","2021","3","Hepatica nobilis","2",1
"930","Gorbea","2021","3","Hepatica nobilis","2",1
"931","Gorbea","2021","3","Hepatica nobilis","2",1
"932","Gorbea","2021","3","Hepatica nobilis","2",1
"933","Gorbea","2021","3","Hepatica nobilis","2",1
"934","Gorbea","2021","3","Hepatica nobilis","2",1
"935","Gorbea","2021","3","Hepatica nobilis","2",1
"936","Gorbea","2021","3","Hepatica nobilis","2",1
"937","Gorbea","2021","3","Hepatica nobilis","2",1
"938","Gorbea","2021","3","Hepatica nobilis","2",1
"939","Gorbea","2021","3","Hepatica nobilis","2",1
"940","Gorbea","2021","3","Hepatica nobilis","2",1
"941","Gorbea","2021","3","Hepatica nobilis","2",1
"942","Gorbea","2021","3","Hepatica nobilis","2",1
"943","Gorbea","2021","3","Hepatica nobilis","2",1
"944","Gorbea","2021","3","Hepatica nobilis","2",1
"945","Gorbea","2021","2","Scilla verna","1",0
"946","Gorbea","2021","2","Scilla verna","1",1
"947","Gorbea","2021","2","Helleborus viridis","1",0.1
"948","Gorbea","2021","2","Helleborus viridis","1",0.6
"949","Gorbea","2021","2","Helleborus viridis","1",0.6
"950","Gorbea","2021","2","Helleborus viridis","1",0.6
"951","Gorbea","2021","2","Helleborus viridis","1",0.4
"952","Gorbea","2021","4","Vicia pyrenaica","1",0
"953","Gorbea","2021","4","Scilla verna","5",0.666666666666667
"954","Gorbea","2021","4","Scilla verna","5",0
"955","Gorbea","2021","4","Scilla verna","5",1
"956","Gorbea","2021","4","Scilla verna","5",1
"957","Gorbea","2021","4","Scilla verna","5",1
"958","Gorbea","2021","5","Lathyrus linifolius","3",0
"959","Gorbea","2021","5","Lathyrus linifolius","3",0
"960","Gorbea","2021","5","Lathyrus linifolius","3",0
"961","Gorbea","2021","6","Helianthemum nummularium","3",0
"962","Gorbea","2021","6","Helianthemum nummularium","3",0
"963","Gorbea","2021","6","Helianthemum nummularium","3",0
"964","Gorbea","2021","6","Helianthemum nummularium","3",0
"965","Gorbea","2021","6","Vicia pyrenaica","1",0
"966","Gorbea","2021","3","Erysimum gorbeanum","1",0.230769230769231
"967","Gorbea","2021","3","Erysimum gorbeanum","1",0.9
"968","Gorbea","2021","3","Erysimum gorbeanum","1",0.9
"969","Gorbea","2021","3","Erysimum gorbeanum","1",0.9
"970","Gorbea","2021","3","Erysimum gorbeanum","1",0.9
"971","Gorbea","2021","3","Erysimum gorbeanum","1",0.9
"972","Gorbea","2021","3","Erysimum gorbeanum","1",0.9
"973","Gorbea","2021","3","Erysimum gorbeanum","1",0.9
"974","Gorbea","2021","3","Erysimum gorbeanum","1",0.9
"975","Gorbea","2021","3","Erysimum gorbeanum","1",0.9
"976","Gorbea","2021","3","Erysimum gorbeanum","1",1
"977","Gorbea","2021","3","Erysimum gorbeanum","1",1
"978","Gorbea","2021","3","Erysimum gorbeanum","1",1
"979","Gorbea","2021","3","Erysimum gorbeanum","1",1
"980","Gorbea","2021","3","Erysimum gorbeanum","1",1
"981","Gorbea","2021","3","Erysimum gorbeanum","1",1
"982","Gorbea","2021","3","Erysimum gorbeanum","1",1
"983","Gorbea","2021","3","Erysimum gorbeanum","1",1
"984","Gorbea","2021","3","Erysimum gorbeanum","1",1
"985","Gorbea","2021","3","Erysimum gorbeanum","1",1
"986","Gorbea","2021","3","Erysimum gorbeanum","1",1
"987","Gorbea","2021","3","Erysimum gorbeanum","1",1
"988","Gorbea","2021","3","Erysimum gorbeanum","1",1
"989","Gorbea","2021","6","Erysimum gorbeanum","1",1
"990","Gorbea","2021","6","Erysimum gorbeanum","1",1
"991","Gorbea","2021","6","Erysimum gorbeanum","1",1
"992","Gorbea","2021","6","Erysimum gorbeanum","1",1
"993","Gorbea","2021","6","Erysimum gorbeanum","1",0.714285714285714
"994","Gorbea","2021","6","Erysimum gorbeanum","2",0.857142857142857
"995","Gorbea","2021","6","Erysimum gorbeanum","3",1
"996","Gorbea","2021","4","Erysimum gorbeanum","4",1
"997","Gorbea","2021","6","Erysimum gorbeanum","5",1
"998","Gorbea","2021","6","Erysimum gorbeanum","1",1
"999","Gorbea","2021","6","Erysimum gorbeanum","1",1
"1000","Gorbea","2021","6","Erysimum gorbeanum","1",1
"1001","Gorbea","2021","6","Erysimum gorbeanum","1",1
"1002","Gorbea","2021","4","Cardamine pratensis","2",0.833333333333333
"1003","Gorbea","2021","4","Cardamine pratensis","2",1
"1004","Gorbea","2021","4","Cardamine pratensis","2",1
"1005","Gorbea","2022","1","Hepatica nobilis","2",1
"1006","Gorbea","2022","1","Hepatica nobilis","2",1
"1007","Gorbea","2022","1","Hepatica nobilis","2",1
"1008","Gorbea","2022","1","Hepatica nobilis","2",1
"1009","Gorbea","2022","1","Hepatica nobilis","2",1
"1010","Gorbea","2022","1","Hepatica nobilis","2",1
"1011","Gorbea","2022","1","Hepatica nobilis","2",1
"1012","Gorbea","2022","1","Hepatica nobilis","2",1
"1013","Gorbea","2022","1","Hepatica nobilis","2",1
"1014","Gorbea","2022","1","Helleborus viridis","2",0.6
"1015","Gorbea","2022","1","Helleborus viridis","2",0.6
"1016","Gorbea","2022","1","Helleborus viridis","2",0.6
"1017","Gorbea","2022","1","Helleborus viridis","2",0.6
"1018","Gorbea","2022","1","Helleborus viridis","2",0.6
"1019","Gorbea","2022","1","Helleborus viridis","2",0.6
"1020","Gorbea","2022","1","Helleborus viridis","2",0.6
"1021","Gorbea","2022","1","Helleborus viridis","2",0.6
"1022","Gorbea","2022","1","Helleborus viridis","2",0.6
"1023","Gorbea","2022","1","Helleborus viridis","2",0.6
"1024","Gorbea","2022","1","Helleborus viridis","2",0.6
"1025","Gorbea","2022","1","Helleborus viridis","2",0.6
"1026","Gorbea","2022","1","Helleborus viridis","2",0.6
"1027","Gorbea","2022","1","Helleborus viridis","2",0.6
"1028","Gorbea","2022","1","Helleborus viridis","2",0.6
"1029","Gorbea","2022","1","Helleborus viridis","2",0.6
"1030","Gorbea","2022","1","Helleborus viridis","2",0.6
"1031","Gorbea","2022","1","Helleborus viridis","2",0.6
"1032","Gorbea","2022","1","Helleborus viridis","2",0.6
"1033","Gorbea","2022","1","Helleborus viridis","2",1
"1034","Gorbea","2022","1","Helleborus viridis","2",1
"1035","Gorbea","2022","1","Helleborus viridis","2",1
"1036","Gorbea","2022","1","Helleborus viridis","2",1
"1037","Gorbea","2022","1","Helleborus viridis","2",1
"1038","Gorbea","2022","1","Helleborus viridis","2",0.6
"1039","Gorbea","2022","1","Helleborus viridis","2",0.6
"1040","Gorbea","2022","1","Helleborus viridis","2",0.6
"1041","Gorbea","2022","1","Helleborus viridis","2",0.6
"1042","Gorbea","2022","1","Helleborus viridis","2",0.6
"1043","Gorbea","2022","1","Helleborus viridis","2",0.6
"1044","Gorbea","2022","1","Oxalis acetosella","2",1
"1045","Gorbea","2022","1","Oxalis acetosella","2",1
"1046","Gorbea","2022","1","Oxalis acetosella","2",0
"1047","Gorbea","2022","1","Oxalis acetosella","2",1
"1048","Gorbea","2022","1","Oxalis acetosella","2",0
"1049","Gorbea","2022","1","Oxalis acetosella","2",0
"1050","Gorbea","2022","1","Erythronium dens-canis","4",1
"1051","Gorbea","2022","1","Erythronium dens-canis","4",0
"1052","Gorbea","2022","1","Erythronium dens-canis","4",1
"1053","Gorbea","2022","1","Erythronium dens-canis","4",0
"1054","Gorbea","2022","1","Scilla verna","5",1
"1055","Gorbea","2022","1","Scilla verna","5",0.75
"1056","Gorbea","2022","1","Scilla verna","5",0.75
"1057","Gorbea","2022","1","Scilla verna","5",0.75
"1058","Gorbea","2022","1","Scilla verna","5",0.2
"1059","Gorbea","2022","1","Scilla verna","5",0.4
"1060","Gorbea","2022","1","Scilla verna","5",0.4
"1061","Gorbea","2022","1","Scilla verna","5",1
"1062","Gorbea","2022","1","Scilla verna","5",1
"1063","Gorbea","2022","1","Scilla verna","5",1
"1064","Gorbea","2022","1","Pedicularis sylvatica","5",0.727272727272727
"1065","Gorbea","2022","1","Pedicularis sylvatica","5",0.727272727272727
"1066","Gorbea","2022","1","Pedicularis sylvatica","5",0.727272727272727
"1067","Gorbea","2022","1","Pedicularis sylvatica","5",0.727272727272727
"1068","Gorbea","2022","1","Pedicularis sylvatica","5",0.727272727272727
"1069","Gorbea","2022","1","Pedicularis sylvatica","5",0.727272727272727
"1070","Gorbea","2022","1","Pedicularis sylvatica","5",0.727272727272727
"1071","Gorbea","2022","1","Pedicularis sylvatica","5",0.727272727272727
"1072","Gorbea","2022","1","Pedicularis sylvatica","5",0.8
"1073","Gorbea","2022","1","Pedicularis sylvatica","5",0.8
"1074","Gorbea","2022","1","Pedicularis sylvatica","5",0.8
"1075","Gorbea","2022","1","Pedicularis sylvatica","5",0.8
"1076","Gorbea","2022","1","Scilla verna","3",0.25
"1077","Gorbea","2022","1","Scilla verna","3",1
"1078","Gorbea","2022","1","Scilla verna","3",1
"1079","Gorbea","2022","1","Scilla verna","3",1
"1080","Gorbea","2022","1","Scilla verna","3",1
"1081","Gorbea","2022","1","Scilla verna","3",1
"1082","Gorbea","2022","1","Scilla verna","3",1
"1083","Gorbea","2022","1","Scilla verna","3",1
"1084","Gorbea","2022","1","Scilla verna","3",1
"1085","Gorbea","2022","1","Scilla verna","3",0.3
"1086","Gorbea","2022","1","Scilla verna","3",0.3
"1087","Gorbea","2022","1","Scilla verna","3",0.3
"1088","Gorbea","2022","1","Scilla verna","3",1
"1089","Gorbea","2022","1","Scilla verna","3",1
"1090","Gorbea","2022","1","Scilla verna","3",1
"1091","Gorbea","2022","1","Scilla verna","3",1
"1092","Gorbea","2022","1","Scilla verna","3",1
"1093","Gorbea","2022","1","Scilla verna","3",1
"1094","Gorbea","2022","1","Scilla verna","3",1
"1095","Gorbea","2022","1","Scilla verna","3",1
"1096","Gorbea","2022","1","Scilla verna","3",1
"1097","Gorbea","2022","1","Scilla verna","3",1
"1098","Gorbea","2022","1","Scilla verna","3",1
"1099","Gorbea","2022","1","Scilla verna","3",1
"1100","Gorbea","2022","1","Scilla verna","3",1
"1101","Gorbea","2022","1","Scilla verna","3",1
"1102","Gorbea","2022","1","Scilla verna","3",0.25
"1103","Gorbea","2022","1","Scilla verna","3",0.25
"1104","Gorbea","2022","1","Scilla verna","3",1
"1105","Gorbea","2022","1","Scilla verna","3",1
"1106","Gorbea","2022","1","Scilla verna","3",1
"1107","Gorbea","2022","1","Scilla verna","3",1
"1108","Gorbea","2022","1","Scilla verna","3",1
"1109","Gorbea","2022","1","Scilla verna","3",1
"1110","Gorbea","2022","1","Scilla verna","3",1
"1111","Gorbea","2022","1","Scilla verna","3",1
"1112","Gorbea","2022","1","Scilla verna","3",1
"1113","Gorbea","2022","1","Scilla verna","3",1
"1114","Gorbea","2022","1","Scilla verna","3",1
"1115","Gorbea","2022","1","Scilla verna","3",1
"1116","Gorbea","2022","1","Scilla verna","3",1
"1117","Gorbea","2022","1","Scilla verna","3",1
"1118","Gorbea","2022","1","Scilla verna","3",1
"1119","Gorbea","2022","1","Scilla verna","3",1
"1120","Gorbea","2022","1","Scilla verna","3",1
"1121","Gorbea","2022","1","Scilla verna","3",1
"1122","Gorbea","2022","1","Lathyrus linifolius","3",0
"1123","Gorbea","2022","1","Lathyrus linifolius","3",0.2
"1124","Gorbea","2022","1","Lathyrus linifolius","3",0.5
"1125","Gorbea","2022","1","Lathyrus linifolius","3",0.333333333333333
"1126","Gorbea","2022","1","Lathyrus linifolius","3",0.333333333333333
"1127","Gorbea","2022","1","Lathyrus linifolius","3",0.333333333333333
"1128","Gorbea","2022","2","Helleborus viridis","1",0
"1129","Gorbea","2022","2","Helleborus viridis","1",0.6
"1130","Gorbea","2022","2","Helleborus viridis","1",0.6
"1131","Gorbea","2022","2","Helleborus viridis","1",0.6
"1132","Gorbea","2022","2","Helleborus viridis","1",1
"1133","Gorbea","2022","2","Helleborus viridis","1",1
"1134","Gorbea","2022","2","Helleborus viridis","1",1
"1135","Gorbea","2022","2","Helleborus viridis","1",1
"1136","Gorbea","2022","2","Helleborus viridis","1",1
"1137","Gorbea","2022","2","Helleborus viridis","1",0.6
"1138","Gorbea","2022","2","Helleborus viridis","1",0.6
"1139","Gorbea","2022","2","Helleborus viridis","1",0.6
"1140","Gorbea","2022","2","Helleborus viridis","1",0.8
"1141","Gorbea","2022","2","Helleborus viridis","1",0.8
"1142","Gorbea","2022","2","Helleborus viridis","1",0.8
"1143","Gorbea","2022","2","Helleborus viridis","1",0.8
"1144","Gorbea","2022","2","Helleborus viridis","1",1
"1145","Gorbea","2022","2","Helleborus viridis","1",1
"1146","Gorbea","2022","2","Helleborus viridis","1",1
"1147","Gorbea","2022","2","Helleborus viridis","1",1
"1148","Gorbea","2022","2","Helleborus viridis","1",1
"1149","Gorbea","2022","2","Helleborus viridis","1",0.6
"1150","Gorbea","2022","2","Helleborus viridis","1",0.6
"1151","Gorbea","2022","2","Helleborus viridis","1",0.6
"1152","Gorbea","2022","2","Helleborus viridis","1",0.6
"1153","Gorbea","2022","2","Helleborus viridis","1",0.6
"1154","Gorbea","2022","2","Helleborus viridis","1",0.6
"1155","Gorbea","2022","2","Helleborus viridis","1",0.6
"1156","Gorbea","2022","2","Helleborus viridis","1",0.6
"1157","Gorbea","2022","2","Helleborus viridis","1",0.6
"1158","Gorbea","2022","2","Erysimum gorbeanum","1",0.75
"1159","Gorbea","2022","2","Erysimum gorbeanum","1",1
"1160","Gorbea","2022","2","Erysimum gorbeanum","1",0.642857142857143
"1161","Gorbea","2022","2","Erysimum gorbeanum","1",0.642857142857143
"1162","Gorbea","2022","2","Hepatica nobilis","2",1
"1163","Gorbea","2022","2","Hepatica nobilis","2",1
"1164","Gorbea","2022","2","Hepatica nobilis","2",1
"1165","Gorbea","2022","2","Hepatica nobilis","2",1
"1166","Gorbea","2022","2","Hepatica nobilis","2",0
"1167","Gorbea","2022","2","Hepatica nobilis","2",1
"1168","Gorbea","2022","2","Hepatica nobilis","2",1
"1169","Gorbea","2022","2","Hepatica nobilis","2",0
"1170","Gorbea","2022","2","Helleborus viridis","2",0.8
"1171","Gorbea","2022","2","Helleborus viridis","2",0.8
"1172","Gorbea","2022","2","Helleborus viridis","2",0.8
"1173","Gorbea","2022","2","Helleborus viridis","2",0.8
"1174","Gorbea","2022","2","Helleborus viridis","2",0.6
"1175","Gorbea","2022","2","Helleborus viridis","2",0.6
"1176","Gorbea","2022","2","Helleborus viridis","2",0.6
"1177","Gorbea","2022","2","Helleborus viridis","2",0.6
"1178","Gorbea","2022","2","Helleborus viridis","2",0.6
"1179","Gorbea","2022","2","Helleborus viridis","2",0.6
"1180","Gorbea","2022","2","Helleborus viridis","2",1
"1181","Gorbea","2022","2","Helleborus viridis","2",1
"1182","Gorbea","2022","2","Helleborus viridis","2",1
"1183","Gorbea","2022","2","Helleborus viridis","2",1
"1184","Gorbea","2022","2","Helleborus viridis","2",1
"1185","Gorbea","2022","2","Helleborus viridis","2",1
"1186","Gorbea","2022","2","Helleborus viridis","2",1
"1187","Gorbea","2022","2","Helleborus viridis","2",1
"1188","Gorbea","2022","2","Helleborus viridis","2",1
"1189","Gorbea","2022","2","Helleborus viridis","2",1
"1190","Gorbea","2022","2","Helleborus viridis","2",0.6
"1191","Gorbea","2022","2","Helleborus viridis","2",0.6
"1192","Gorbea","2022","2","Helleborus viridis","2",0.6
"1193","Gorbea","2022","2","Helleborus viridis","2",0.6
"1194","Gorbea","2022","2","Helleborus viridis","2",0.6
"1195","Gorbea","2022","2","Helleborus viridis","2",0.6
"1196","Gorbea","2022","2","Helleborus viridis","2",0.6
"1197","Gorbea","2022","2","Helleborus viridis","2",0
"1198","Gorbea","2022","2","Helleborus viridis","2",0.8
"1199","Gorbea","2022","2","Helleborus viridis","2",0.8
"1200","Gorbea","2022","2","Helleborus viridis","2",0.8
"1201","Gorbea","2022","2","Helleborus viridis","2",0.8
"1202","Gorbea","2022","2","Oxalis acetosella","2",0
"1203","Gorbea","2022","2","Oxalis acetosella","2",0
"1204","Gorbea","2022","2","Oxalis acetosella","2",1
"1205","Gorbea","2022","2","Oxalis acetosella","2",1
"1206","Gorbea","2022","2","Oxalis acetosella","2",0
"1207","Gorbea","2022","2","Oxalis acetosella","2",1
"1208","Gorbea","2022","2","Oxalis acetosella","2",0
"1209","Gorbea","2022","2","Oxalis acetosella","2",1
"1210","Gorbea","2022","2","Oxalis acetosella","2",1
"1211","Gorbea","2022","2","Oxalis acetosella","2",0
"1212","Gorbea","2022","2","Scilla verna","4",1
"1213","Gorbea","2022","2","Scilla verna","4",0.285714285714286
"1214","Gorbea","2022","2","Scilla verna","4",1
"1215","Gorbea","2022","2","Scilla verna","4",1
"1216","Gorbea","2022","2","Scilla verna","4",0.714285714285714
"1217","Gorbea","2022","2","Scilla verna","4",0.4
"1218","Gorbea","2022","2","Scilla verna","4",0
"1219","Gorbea","2022","2","Scilla verna","4",0.25
"1220","Gorbea","2022","2","Scilla verna","4",0.714285714285714
"1221","Gorbea","2022","2","Scilla verna","4",0.666666666666667
"1222","Gorbea","2022","2","Scilla verna","5",1
"1223","Gorbea","2022","2","Scilla verna","5",1
"1224","Gorbea","2022","2","Scilla verna","5",1
"1225","Gorbea","2022","2","Scilla verna","5",1
"1226","Gorbea","2022","1","Scilla verna","5",1
"1227","Gorbea","2022","2","Scilla verna","5",1
"1228","Gorbea","2022","2","Scilla verna","5",1
"1229","Gorbea","2022","2","Scilla verna","5",1
"1230","Gorbea","2022","2","Scilla verna","5",1
"1231","Gorbea","2022","2","Scilla verna","5",0
"1232","Gorbea","2022","2","Scilla verna","5",0
"1233","Gorbea","2022","2","Pedicularis sylvatica","5",0.777777777777778
"1234","Gorbea","2022","2","Pedicularis sylvatica","5",0.777777777777778
"1235","Gorbea","2022","2","Pedicularis sylvatica","5",0.777777777777778
"1236","Gorbea","2022","2","Pedicularis sylvatica","5",0.777777777777778
"1237","Gorbea","2022","2","Pedicularis sylvatica","5",0.777777777777778
"1238","Gorbea","2022","2","Pedicularis sylvatica","5",0.777777777777778
"1239","Gorbea","2022","2","Pedicularis sylvatica","5",0.777777777777778
"1240","Gorbea","2022","2","Pedicularis sylvatica","5",0.636363636363636
"1241","Gorbea","2022","2","Pedicularis sylvatica","5",0.636363636363636
"1242","Gorbea","2022","2","Pedicularis sylvatica","5",0.636363636363636
"1243","Gorbea","2022","2","Pedicularis sylvatica","5",0.636363636363636
"1244","Gorbea","2022","2","Pedicularis sylvatica","5",0.636363636363636
"1245","Gorbea","2022","2","Pedicularis sylvatica","5",0.636363636363636
"1246","Gorbea","2022","2","Pedicularis sylvatica","5",0.636363636363636
"1247","Gorbea","2022","2","Pedicularis sylvatica","5",1
"1248","Gorbea","2022","2","Pedicularis sylvatica","5",1
"1249","Gorbea","2022","2","Pedicularis sylvatica","5",1
"1250","Gorbea","2022","2","Pedicularis sylvatica","5",1
"1251","Gorbea","2022","2","Pedicularis sylvatica","5",1
"1252","Gorbea","2022","2","Pedicularis sylvatica","5",1
"1253","Gorbea","2022","2","Pedicularis sylvatica","5",1
"1254","Gorbea","2022","2","Pedicularis sylvatica","5",1
"1255","Gorbea","2022","2","Pedicularis sylvatica","5",1
"1256","Gorbea","2022","2","Pedicularis sylvatica","5",0.571428571428571
"1257","Gorbea","2022","2","Pedicularis sylvatica","5",0.571428571428571
"1258","Gorbea","2022","2","Pedicularis sylvatica","5",0.571428571428571
"1259","Gorbea","2022","2","Pedicularis sylvatica","5",0.571428571428571
"1260","Gorbea","2022","2","Pedicularis sylvatica","5",0.454545454545455
"1261","Gorbea","2022","2","Pedicularis sylvatica","5",0.454545454545455
"1262","Gorbea","2022","2","Pedicularis sylvatica","5",0.454545454545455
"1263","Gorbea","2022","2","Pedicularis sylvatica","5",0.454545454545455
"1264","Gorbea","2022","2","Pedicularis sylvatica","5",0.454545454545455
"1265","Gorbea","2022","2","Pedicularis sylvatica","5",0.142857142857143
"1266","Gorbea","2022","2","Pedicularis sylvatica","5",0.142857142857143
"1267","Gorbea","2022","3","Helleborus viridis","1",0.8
"1268","Gorbea","2022","3","Helleborus viridis","1",0.8
"1269","Gorbea","2022","3","Helleborus viridis","1",0.8
"1270","Gorbea","2022","3","Helleborus viridis","1",0.8
"1271","Gorbea","2022","3","Helleborus viridis","1",1
"1272","Gorbea","2022","3","Helleborus viridis","1",1
"1273","Gorbea","2022","3","Helleborus viridis","1",1
"1274","Gorbea","2022","3","Helleborus viridis","1",1
"1275","Gorbea","2022","3","Helleborus viridis","1",1
"1276","Gorbea","2022","3","Helleborus viridis","1",1
"1277","Gorbea","2022","3","Helleborus viridis","1",1
"1278","Gorbea","2022","3","Helleborus viridis","1",1
"1279","Gorbea","2022","3","Helleborus viridis","1",1
"1280","Gorbea","2022","3","Helleborus viridis","1",1
"1281","Gorbea","2022","3","Helleborus viridis","1",0
"1282","Gorbea","2022","3","Helleborus viridis","1",1
"1283","Gorbea","2022","3","Helleborus viridis","1",1
"1284","Gorbea","2022","3","Helleborus viridis","1",1
"1285","Gorbea","2022","3","Helleborus viridis","1",1
"1286","Gorbea","2022","3","Helleborus viridis","1",1
"1287","Gorbea","2022","3","Helleborus viridis","1",0.6
"1288","Gorbea","2022","3","Helleborus viridis","1",0.6
"1289","Gorbea","2022","3","Helleborus viridis","1",0.6
"1290","Gorbea","2022","3","Helleborus viridis","1",0
"1291","Gorbea","2022","3","Helleborus viridis","1",0.8
"1292","Gorbea","2022","3","Helleborus viridis","1",0.8
"1293","Gorbea","2022","3","Helleborus viridis","1",0.8
"1294","Gorbea","2022","3","Helleborus viridis","1",0.8
"1295","Gorbea","2022","3","Helleborus viridis","1",0.8
"1296","Gorbea","2022","3","Helleborus viridis","1",1
"1297","Gorbea","2022","3","Helleborus viridis","1",1
"1298","Gorbea","2022","3","Helleborus viridis","1",1
"1299","Gorbea","2022","3","Helleborus viridis","1",1
"1300","Gorbea","2022","3","Helleborus viridis","1",1
"1301","Gorbea","2022","3","Erysimum gorbeanum","1",0.3125
"1302","Gorbea","2022","3","Vicia pyrenaica","1",0
"1303","Gorbea","2022","3","Vicia pyrenaica","1",1
"1304","Gorbea","2022","3","Vicia pyrenaica","1",0
"1305","Gorbea","2022","2","Lathyrus linifolius","3",0.333333333333333
"1306","Gorbea","2022","2","Lathyrus linifolius","3",0.333333333333333
"1307","Gorbea","2022","2","Lathyrus linifolius","3",1
"1308","Gorbea","2022","2","Lathyrus linifolius","3",0.5
"1309","Gorbea","2022","2","Lathyrus linifolius","3",0
"1310","Gorbea","2022","2","Lathyrus linifolius","3",0.333333333333333
"1311","Gorbea","2022","2","Lathyrus linifolius","3",0.333333333333333
"1312","Gorbea","2022","2","Lathyrus linifolius","3",0.5
"1313","Gorbea","2022","2","Lathyrus linifolius","3",0.333333333333333
"1314","Gorbea","2022","3","Scilla verna","4",0.333333333333333
"1315","Gorbea","2022","3","Scilla verna","4",0.333333333333333
"1316","Gorbea","2022","3","Scilla verna","4",0
"1317","Gorbea","2022","3","Scilla verna","4",1
"1318","Gorbea","2022","3","Scilla verna","4",0.875
"1319","Gorbea","2022","3","Scilla verna","4",0
"1320","Gorbea","2022","3","Scilla verna","4",0.5
"1321","Gorbea","2022","3","Scilla verna","4",0.5
"1322","Gorbea","2022","3","Scilla verna","4",1
"1323","Gorbea","2022","3","Scilla verna","4",0
"1324","Gorbea","2022","3","Scilla verna","5",1
"1325","Gorbea","2022","3","Scilla verna","5",1
"1326","Gorbea","2022","3","Scilla verna","5",1
"1327","Gorbea","2022","3","Scilla verna","5",1
"1328","Gorbea","2022","3","Scilla verna","5",1
"1329","Gorbea","2022","3","Scilla verna","5",1
"1330","Gorbea","2022","3","Pedicularis sylvatica","5",0.7
"1331","Gorbea","2022","3","Pedicularis sylvatica","5",0.7
"1332","Gorbea","2022","3","Pedicularis sylvatica","5",0.7
"1333","Gorbea","2022","3","Pedicularis sylvatica","5",0.7
"1334","Gorbea","2022","3","Pedicularis sylvatica","5",0.7
"1335","Gorbea","2022","3","Pedicularis sylvatica","5",0.7
"1336","Gorbea","2022","3","Pedicularis sylvatica","5",0.7
"1337","Gorbea","2022","3","Pedicularis sylvatica","5",0.833333333333333
"1338","Gorbea","2022","3","Pedicularis sylvatica","5",0.833333333333333
"1339","Gorbea","2022","3","Pedicularis sylvatica","5",0.833333333333333
"1340","Gorbea","2022","3","Pedicularis sylvatica","5",0.833333333333333
"1341","Gorbea","2022","3","Pedicularis sylvatica","5",0.833333333333333
"1342","Gorbea","2022","3","Pedicularis sylvatica","5",0
"1343","Gorbea","2022","3","Pedicularis sylvatica","5",0.166666666666667
"1344","Gorbea","2022","3","Pedicularis sylvatica","5",0.571428571428571
"1345","Gorbea","2022","3","Pedicularis sylvatica","5",0.571428571428571
"1346","Gorbea","2022","3","Pedicularis sylvatica","5",0.571428571428571
"1347","Gorbea","2022","3","Pedicularis sylvatica","5",0.571428571428571
"1348","Gorbea","2022","4","Helleborus viridis","1",0.8
"1349","Gorbea","2022","4","Helleborus viridis","1",0.8
"1350","Gorbea","2022","4","Helleborus viridis","1",0.8
"1351","Gorbea","2022","4","Helleborus viridis","1",0.8
"1352","Gorbea","2022","4","Helleborus viridis","1",0.8
"1353","Gorbea","2022","4","Helleborus viridis","1",0.8
"1354","Gorbea","2022","4","Helleborus viridis","1",0.8
"1355","Gorbea","2022","4","Helleborus viridis","1",0.8
"1356","Gorbea","2022","4","Helleborus viridis","1",1
"1357","Gorbea","2022","4","Helleborus viridis","1",1
"1358","Gorbea","2022","4","Helleborus viridis","1",1
"1359","Gorbea","2022","4","Helleborus viridis","1",1
"1360","Gorbea","2022","4","Helleborus viridis","1",1
"1361","Gorbea","2022","4","Helleborus viridis","1",1
"1362","Gorbea","2022","4","Helleborus viridis","1",1
"1363","Gorbea","2022","4","Helleborus viridis","1",1
"1364","Gorbea","2022","4","Helleborus viridis","1",1
"1365","Gorbea","2022","4","Helleborus viridis","1",1
"1366","Gorbea","2022","4","Vicia pyrenaica","1",0.5
"1367","Gorbea","2022","4","Vicia pyrenaica","1",0.5
"1368","Gorbea","2022","4","Vicia pyrenaica","1",0.5
"1369","Gorbea","2022","4","Vicia pyrenaica","1",0.5
"1370","Gorbea","2022","4","Vicia pyrenaica","1",0.5
"1371","Gorbea","2022","4","Vicia pyrenaica","1",0.333333333333333
"1372","Gorbea","2022","4","Vicia pyrenaica","1",0
"1373","Gorbea","2022","4","Vicia pyrenaica","1",1
"1374","Gorbea","2022","4","Vicia pyrenaica","1",0.5
"1375","Gorbea","2022","3","Lathyrus linifolius","3",0
"1376","Gorbea","2022","3","Lathyrus linifolius","3",0
"1377","Gorbea","2022","3","Lathyrus linifolius","3",0.5
"1378","Gorbea","2022","3","Lathyrus linifolius","3",0.5
"1379","Gorbea","2022","3","Lathyrus linifolius","3",0.333333333333333
"1380","Gorbea","2022","3","Lathyrus linifolius","3",1
"1381","Gorbea","2022","3","Lathyrus linifolius","3",0
"1382","Gorbea","2022","3","Vicia pyrenaica","3",1
"1383","Gorbea","2022","3","Vicia pyrenaica","3",1
"1384","Gorbea","2022","3","Vicia pyrenaica","3",1
"1385","Gorbea","2022","3","Vicia pyrenaica","3",1
"1386","Gorbea","2022","3","Vicia pyrenaica","3",1
"1387","Gorbea","2022","3","Vicia pyrenaica","3",1
"1388","Gorbea","2022","3","Vicia pyrenaica","3",1
"1389","Gorbea","2022","4","Lathyrus linifolius","4",0
"1390","Gorbea","2022","4","Lathyrus linifolius","4",0
"1391","Gorbea","2022","4","Lathyrus linifolius","4",1
"1392","Gorbea","2022","4","Lathyrus linifolius","4",1
"1393","Gorbea","2022","4","Lathyrus linifolius","4",1
"1394","Gorbea","2022","4","Lathyrus linifolius","4",1
"1395","Gorbea","2022","4","Scilla verna","5",0.714285714285714
"1396","Gorbea","2022","4","Scilla verna","5",0.714285714285714
"1397","Gorbea","2022","4","Scilla verna","5",0.714285714285714
"1398","Gorbea","2022","4","Scilla verna","5",0.714285714285714
"1399","Gorbea","2022","4","Scilla verna","5",0.714285714285714
"1400","Gorbea","2022","4","Scilla verna","5",0.25
"1401","Gorbea","2022","4","Scilla verna","5",0.75
"1402","Gorbea","2022","4","Scilla verna","5",0.75
"1403","Gorbea","2022","4","Scilla verna","5",0.75
"1404","Gorbea","2022","4","Scilla verna","5",1
"1405","Gorbea","2022","4","Scilla verna","5",1
"1406","Gorbea","2022","4","Scilla verna","5",1
"1407","Gorbea","2022","4","Scilla verna","5",1
"1408","Gorbea","2022","4","Scilla verna","5",1
"1409","Gorbea","2022","4","Scilla verna","5",1
"1410","Gorbea","2022","4","Scilla verna","5",1
"1411","Gorbea","2022","4","Scilla verna","5",1
"1412","Gorbea","2022","4","Scilla verna","5",1
"1413","Gorbea","2022","4","Scilla verna","5",1
"1414","Gorbea","2022","4","Scilla verna","5",1
"1415","Gorbea","2022","4","Scilla verna","5",1
"1416","Gorbea","2022","4","Scilla verna","5",1
"1417","Gorbea","2022","4","Scilla verna","5",1
"1418","Gorbea","2022","4","Scilla verna","5",1
"1419","Gorbea","2022","4","Scilla verna","5",0.333333333333333
"1420","Gorbea","2022","4","Scilla verna","5",0.333333333333333
"1421","Gorbea","2022","4","Vicia pyrenaica","3",1
"1422","Gorbea","2022","4","Vicia pyrenaica","3",1
"1423","Gorbea","2022","4","Vicia pyrenaica","3",1
"1424","Gorbea","2022","4","Vicia pyrenaica","3",1
"1425","Gorbea","2022","4","Vicia pyrenaica","3",1
"1426","Gorbea","2022","4","Vicia pyrenaica","3",0
"1427","Gorbea","2022","4","Lotus corniculatus","3",0
"1428","Gorbea","2022","4","Lotus corniculatus","3",0.25
"1429","Gorbea","2022","4","Lotus corniculatus","3",0.333333333333333
"1430","Gorbea","2022","4","Lotus corniculatus","3",0
"1431","Gorbea","2022","4","Lotus corniculatus","3",0.5
"1432","Gorbea","2022","4","Lotus corniculatus","3",0.5
"1433","Gorbea","2022","4","Lotus corniculatus","3",0
"1434","Gorbea","2022","4","Lotus corniculatus","3",1
"1435","Gorbea","2022","4","Lotus corniculatus","3",1
"1436","Gorbea","2022","4","Lotus corniculatus","3",1
"1437","Gorbea","2022","4","Lotus corniculatus","3",1
"1438","Gorbea","2022","4","Lotus corniculatus","3",0
"1439","Gorbea","2022","4","Lotus corniculatus","3",0.25
"1440","Gorbea","2022","4","Lathyrus linifolius","3",0.333333333333333
"1441","Gorbea","2022","4","Lathyrus linifolius","3",0.25
"1442","Gorbea","2022","4","Lathyrus linifolius","3",0
"1443","Gorbea","2022","4","Lathyrus linifolius","3",0
"1444","Gorbea","2022","4","Lathyrus linifolius","3",0.5
"1445","Gorbea","2022","4","Lathyrus linifolius","3",0
"1446","Gorbea","2022","4","Lathyrus linifolius","3",0.25
"1447","Gorbea","2022","5","Vicia pyrenaica","1",0
"1448","Gorbea","2022","5","Vicia pyrenaica","1",1
"1449","Gorbea","2022","5","Vicia pyrenaica","1",1
"1450","Gorbea","2022","5","Vicia pyrenaica","1",0
"1451","Gorbea","2022","5","Vicia pyrenaica","1",1
"1452","Gorbea","2022","5","Vicia pyrenaica","1",1
"1453","Gorbea","2022","5","Vicia pyrenaica","1",1
"1454","Gorbea","2022","5","Vicia pyrenaica","1",1
"1455","Gorbea","2022","5","Vicia pyrenaica","1",1
"1456","Gorbea","2022","5","Vicia pyrenaica","1",1
"1457","Gorbea","2022","5","Erysimum gorbeanum","1",0.818181818181818
"1458","Gorbea","2022","5","Erysimum gorbeanum","1",0.818181818181818
"1459","Gorbea","2022","5","Erysimum gorbeanum","1",0.818181818181818
"1460","Gorbea","2022","5","Erysimum gorbeanum","1",0.818181818181818
"1461","Gorbea","2022","5","Erysimum gorbeanum","1",0.818181818181818
"1462","Gorbea","2022","5","Erysimum gorbeanum","1",0.818181818181818
"1463","Gorbea","2022","5","Erysimum gorbeanum","1",0.818181818181818
"1464","Gorbea","2022","5","Erysimum gorbeanum","1",0.818181818181818
"1465","Gorbea","2022","5","Erysimum gorbeanum","1",0.818181818181818
"1466","Gorbea","2022","5","Erysimum gorbeanum","1",1
"1467","Gorbea","2022","5","Erysimum gorbeanum","1",1
"1468","Gorbea","2022","5","Erysimum gorbeanum","1",1
"1469","Gorbea","2022","5","Erysimum gorbeanum","1",1
"1470","Gorbea","2022","5","Erysimum gorbeanum","1",1
"1471","Gorbea","2022","5","Erysimum gorbeanum","1",1
"1472","Gorbea","2022","5","Erysimum gorbeanum","1",1
"1473","Gorbea","2022","5","Erysimum gorbeanum","1",1
"1474","Gorbea","2022","5","Erysimum gorbeanum","1",1
"1475","Gorbea","2022","5","Erysimum gorbeanum","1",1
"1476","Gorbea","2022","5","Erysimum gorbeanum","1",1
"1477","Gorbea","2022","5","Erysimum gorbeanum","1",1
"1478","Gorbea","2022","5","Erysimum gorbeanum","1",1
"1479","Gorbea","2022","5","Erysimum gorbeanum","1",1
"1480","Gorbea","2022","5","Erysimum gorbeanum","1",0.5
"1481","Gorbea","2022","5","Erysimum gorbeanum","1",0.5
"1482","Gorbea","2022","5","Erysimum gorbeanum","1",0.5
"1483","Gorbea","2022","5","Erysimum gorbeanum","1",0.5
"1484","Gorbea","2022","5","Erysimum gorbeanum","1",0.857142857142857
"1485","Gorbea","2022","5","Erysimum gorbeanum","1",0.461538461538462
"1486","Gorbea","2022","5","Erysimum gorbeanum","1",0.461538461538462
"1487","Gorbea","2022","5","Erysimum gorbeanum","1",0.461538461538462
"1488","Gorbea","2022","5","Erysimum gorbeanum","1",0.461538461538462
"1489","Gorbea","2022","5","Erysimum gorbeanum","1",0.461538461538462
"1490","Gorbea","2022","5","Erysimum gorbeanum","1",0.461538461538462
"1491","Gorbea","2022","5","Erysimum gorbeanum","1",0.454545454545455
"1492","Gorbea","2022","5","Erysimum gorbeanum","1",0.454545454545455
"1493","Gorbea","2022","5","Erysimum gorbeanum","1",0.454545454545455
"1494","Gorbea","2022","5","Erysimum gorbeanum","1",0.454545454545455
"1495","Gorbea","2022","5","Erysimum gorbeanum","1",0.454545454545455
"1496","Gorbea","2022","5","Erysimum gorbeanum","1",1
"1497","Gorbea","2022","5","Erysimum gorbeanum","1",1
"1498","Gorbea","2022","5","Erysimum gorbeanum","1",1
"1499","Gorbea","2022","5","Erysimum gorbeanum","1",1
"1500","Gorbea","2022","5","Erysimum gorbeanum","1",1
"1501","Gorbea","2022","5","Erysimum gorbeanum","1",1
"1502","Gorbea","2022","5","Erysimum gorbeanum","1",1
"1503","Gorbea","2022","5","Erysimum gorbeanum","1",1
"1504","Gorbea","2022","5","Erysimum gorbeanum","1",1
"1505","Gorbea","2022","5","Erysimum gorbeanum","1",1
"1506","Gorbea","2022","5","Erysimum gorbeanum","1",1
"1507","Gorbea","2022","5","Erysimum gorbeanum","1",1
"1508","Gorbea","2022","5","Erysimum gorbeanum","1",1
"1509","Gorbea","2022","5","Erysimum gorbeanum","1",1
"1510","Gorbea","2022","5","Erysimum gorbeanum","1",1
"1511","Gorbea","2022","5","Erysimum gorbeanum","1",1
"1512","Gorbea","2022","5","Erysimum gorbeanum","1",1
"1513","Gorbea","2022","5","Erysimum gorbeanum","1",1
"1514","Gorbea","2022","5","Erysimum gorbeanum","1",1
"1515","Gorbea","2022","5","Erysimum gorbeanum","1",1
"1516","Gorbea","2022","5","Erysimum gorbeanum","1",1
"1517","Gorbea","2022","5","Erysimum gorbeanum","1",1
"1518","Gorbea","2022","5","Erysimum gorbeanum","1",1
"1519","Gorbea","2022","5","Erysimum gorbeanum","1",1
"1520","Gorbea","2022","5","Erysimum gorbeanum","1",1
"1521","Gorbea","2022","5","Erysimum gorbeanum","1",1
"1522","Gorbea","2022","5","Erysimum gorbeanum","1",1
"1523","Gorbea","2022","5","Lotus corniculatus","3",0
"1524","Gorbea","2022","5","Lotus corniculatus","3",0
"1525","Gorbea","2022","5","Lotus corniculatus","3",1
"1526","Gorbea","2022","5","Lotus corniculatus","3",1
"1527","Gorbea","2022","5","Lotus corniculatus","3",1
"1528","Gorbea","2022","5","Lotus corniculatus","3",0.333333333333333
"1529","Gorbea","2022","5","Lotus corniculatus","3",0
"1530","Gorbea","2022","5","Lotus corniculatus","3",0
"1531","Gorbea","2022","5","Lotus corniculatus","3",1
"1532","Gorbea","2022","5","Lotus corniculatus","3",1
"1533","Gorbea","2022","5","Lotus corniculatus","3",1
"1534","Gorbea","2022","5","Lotus corniculatus","3",1
"1535","Gorbea","2022","6","Vicia pyrenaica","1",1
"1536","Gorbea","2022","6","Vicia pyrenaica","1",1
"1537","Gorbea","2022","6","Vicia pyrenaica","1",0
"1538","Gorbea","2022","6","Vicia pyrenaica","1",0
"1539","Gorbea","2022","6","Vicia pyrenaica","1",0
"1540","Gorbea","2022","6","Vicia pyrenaica","1",0.5
"1541","Gorbea","2022","6","Vicia pyrenaica","1",1
"1542","Gorbea","2022","6","Vicia pyrenaica","1",0
"1543","Gorbea","2022","6","Vicia pyrenaica","1",1
"1544","Gorbea","2022","6","Vicia pyrenaica","1",0
"1545","Gorbea","2022","6","Lotus corniculatus","1",1
"1546","Gorbea","2022","6","Lotus corniculatus","1",0.666666666666667
"1547","Gorbea","2022","6","Lotus corniculatus","1",0.333333333333333
"1548","Gorbea","2022","6","Lotus corniculatus","1",0.5
"1549","Gorbea","2022","6","Lotus corniculatus","1",1
"1550","Gorbea","2022","6","Lotus corniculatus","1",0
"1551","Gorbea","2022","6","Lotus corniculatus","1",0
"1552","Gorbea","2022","6","Lotus corniculatus","1",0
"1553","Gorbea","2022","6","Lotus corniculatus","1",0
"1554","Gorbea","2022","6","Lotus corniculatus","1",0.333333333333333
"1555","Gorbea","2022","6","Lotus corniculatus","3",0.333333333333333
"1556","Gorbea","2022","6","Lotus corniculatus","3",0.75
"1557","Gorbea","2022","6","Lotus corniculatus","3",0.75
"1558","Gorbea","2022","6","Lotus corniculatus","3",0.75
"1559","Gorbea","2022","6","Lotus corniculatus","3",0.5
"1560","Gorbea","2022","6","Lotus corniculatus","3",0.5
"1561","Gorbea","2022","6","Lotus corniculatus","3",1
"1562","Gorbea","2022","6","Lotus corniculatus","3",1
"1563","Gorbea","2022","6","Lotus corniculatus","3",1
"1564","Gorbea","2022","6","Lotus corniculatus","3",1
"1565","Gorbea","2022","1","Hepatica nobilis","1",0
"1566","Gorbea","2022","1","Hepatica nobilis","1",0
"1567","Gorbea","2022","1","Helleborus viridis","1",0
"1568","Gorbea","2022","1","Helleborus viridis","1",0
"1569","Gorbea","2022","1","Helleborus viridis","1",0
"1570","Gorbea","2022","1","Helleborus viridis","1",0
"1571","Gorbea","2022","1","Primula veris","1",0
"1572","Gorbea","2022","1","Primula veris","1",0
"1573","Gorbea","2022","1","Primula veris","1",0
"1574","Gorbea","2022","1","Hepatica nobilis","2",0
"1575","Gorbea","2022","1","Hepatica nobilis","2",0
"1576","Gorbea","2022","1","Helleborus viridis","2",0
"1577","Gorbea","2022","1","Helleborus viridis","2",0
"1578","Gorbea","2022","1","Helleborus viridis","2",0
"1579","Gorbea","2022","1","Oxalis acetosella","2",0
"1580","Gorbea","2022","1","Oxalis acetosella","2",0
"1581","Gorbea","2022","1","Erythronium dens-canis","4",0
"1582","Gorbea","2022","1","Erythronium dens-canis","4",0
"1583","Gorbea","2022","2","Helleborus viridis","2",0
"1584","Gorbea","2022","2","Helleborus viridis","2",0
"1585","Gorbea","2022","2","Helleborus viridis","2",0
"1586","Gorbea","2022","2","Helleborus viridis","2",0
"1587","Gorbea","2022","2","Helleborus viridis","2",0
"1588","Gorbea","2022","2","Oxalis acetosella","2",0
"1589","Gorbea","2022","2","Oxalis acetosella","2",0
"1590","Gorbea","2022","2","Oxalis acetosella","2",0
"1591","Gorbea","2022","2","Oxalis acetosella","2",0
"1592","Gorbea","2022","2","Scilla verna","4",0
"1593","Gorbea","2022","2","Scilla verna","4",0
"1594","Gorbea","2022","2","Scilla verna","4",0
"1595","Gorbea","2022","2","Scilla verna","4",0
"1596","Gorbea","2022","2","Scilla verna","4",0
"1597","Gorbea","2022","2","Scilla verna","4",0.1
"1598","Gorbea","2022","2","Scilla verna","4",0
"1599","Gorbea","2022","2","Scilla verna","4",0
"1600","Gorbea","2022","2","Scilla verna","4",0
"1601","Gorbea","2022","2","Scilla verna","4",0
"1602","Gorbea","2022","2","Scilla verna","5",0
"1603","Gorbea","2022","2","Scilla verna","5",1
"1604","Gorbea","2022","2","Scilla verna","5",1
"1605","Gorbea","2022","2","Scilla verna","5",1
"1606","Gorbea","2022","2","Scilla verna","5",1
"1607","Gorbea","2022","2","Scilla verna","5",1
"1608","Gorbea","2022","2","Scilla verna","5",0.666666666666667
"1609","Gorbea","2022","2","Scilla verna","5",0.666666666666667
"1610","Gorbea","2022","2","Scilla verna","5",0.666666666666667
"1611","Gorbea","2022","2","Scilla verna","5",0.666666666666667
"1612","Gorbea","2022","2","Scilla verna","5",0
"1613","Gorbea","2022","2","Scilla verna","5",0
"1614","Gorbea","2022","2","Scilla verna","5",0
"1615","Gorbea","2022","2","Scilla verna","5",0
"1616","Gorbea","2022","2","Pedicularis sylvatica","5",0.142857142857143
"1617","Gorbea","2022","2","Pedicularis sylvatica","5",0
"1618","Gorbea","2022","2","Pedicularis sylvatica","5",0
"1619","Gorbea","2022","2","Pedicularis sylvatica","5",0
"1620","Gorbea","2022","2","Pedicularis sylvatica","5",0
"1621","Gorbea","2022","2","Pedicularis sylvatica","5",0
"1622","Gorbea","2022","2","Pedicularis sylvatica","5",0
"1623","Gorbea","2022","2","Pedicularis sylvatica","5",0
"1624","Gorbea","2022","2","Pedicularis sylvatica","5",0.125
"1625","Gorbea","2022","3","Helleborus viridis","1",0
"1626","Gorbea","2022","3","Helleborus viridis","1",0
"1627","Gorbea","2022","3","Helleborus viridis","1",0
"1628","Gorbea","2022","3","Helleborus viridis","1",0
"1629","Gorbea","2022","3","Helleborus viridis","1",0
"1630","Gorbea","2022","2","Lathyrus linifolius","3",0
"1631","Gorbea","2022","2","Lathyrus linifolius","3",0
"1632","Gorbea","2022","2","Lathyrus linifolius","3",0
"1633","Gorbea","2022","2","Lathyrus linifolius","3",0
"1634","Gorbea","2022","2","Lathyrus linifolius","3",0
"1635","Gorbea","2022","2","Lathyrus linifolius","3",0
"1636","Gorbea","2022","4","Vicia pyrenaica","1",0
"1637","Gorbea","2022","3","Lathyrus linifolius","3",0
"1638","Gorbea","2022","3","Lathyrus linifolius","3",0
"1639","Gorbea","2022","3","Vicia pyrenaica","3",0
"1640","Gorbea","2022","3","Vicia pyrenaica","3",0
"1641","Gorbea","2022","3","Vicia pyrenaica","3",0
"1642","Gorbea","2022","3","Vicia pyrenaica","3",0
"1643","Gorbea","2022","4","Vicia pyrenaica","3",0
"1644","Gorbea","2022","4","Vicia pyrenaica","3",0
"1645","Gorbea","2022","4","Vicia pyrenaica","3",0
"1646","Gorbea","2022","4","Vicia pyrenaica","3",0
"1647","Gorbea","2022","6","Lotus corniculatus","3",0
"1648","Gorbea","2022","6","Lotus corniculatus","3",0
"1649","Gorbea","2022","6","Lotus corniculatus","3",0
"1650","Gorbea","2022","6","Lotus corniculatus","3",0
"1651","Gorbea","2022","6","Lotus corniculatus","3",0
"1652","Gorbea","2022","6","Lotus corniculatus","3",0
"1653","Gorbea","2022","6","Lotus corniculatus","3",0
"1654","Gorbea","2022","6","Lotus corniculatus","3",0
