"","Site","Year","Bosque","Periodo","Planta","fruit_set","id_planta"
"1","Doñana",2021,"Pinar Aznalcazar",2,"Cistus salviifolius",0.75,"3,06"
"2","Doñana",2021,"Pinar Aznalcazar",2,"Cistus salviifolius",1,"3,09"
"3","Doñana",2021,"Pinar Aznalcazar",2,"Cistus salviifolius",1,"4,04"
"4","Doñana",2021,"Pinar Aznalcazar",2,"Cistus salviifolius",1,"4,09"
"5","Doñana",2021,"Pinar Aznalcazar",2,"Cistus salviifolius",1,"6,04"
"6","Doñana",2021,"Pinar Aznalcazar",2,"Cistus salviifolius",1,"6,07"
"7","Doñana",2021,"Pinar Aznalcazar",2,"Cistus salviifolius",1,"6,10"
"8","Doñana",2021,"Pinar Aznalcazar",2,"Cistus salviifolius",1,"7,02"
"9","Doñana",2021,"Pinar Aznalcazar",2,"Cistus salviifolius",1,"9,03"
"10","Doñana",2021,"Pinar Aznalcazar",3,"Cistus salviifolius",1,"3,06"
"11","Doñana",2021,"Pinar Aznalcazar",3,"Cistus salviifolius",1,"3,08"
"12","Doñana",2021,"Pinar Aznalcazar",3,"Cistus salviifolius",1,"3,09"
"13","Doñana",2021,"Pinar Aznalcazar",3,"Cistus salviifolius",1,"4,09"
"14","Doñana",2021,"Pinar Aznalcazar",3,"Cistus salviifolius",1,"6,01"
"15","Doñana",2021,"Pinar Aznalcazar",3,"Cistus salviifolius",1,"6,03"
"16","Doñana",2021,"Pinar Aznalcazar",3,"Cistus salviifolius",1,"6,04"
"17","Doñana",2021,"Pinar Aznalcazar",3,"Cistus salviifolius",1,"6,07"
"18","Doñana",2021,"Pinar Aznalcazar",3,"Cistus salviifolius",1,"8,03"
"19","Doñana",2021,"Pinar Aznalcazar",3,"Cistus salviifolius",1,"8,10"
"20","Doñana",2021,"Pinar Aznalcazar",4,"Cistus salviifolius",1,"2,07"
"21","Doñana",2021,"Pinar Aznalcazar",4,"Cistus salviifolius",1,"3,08"
"22","Doñana",2021,"Pinar Aznalcazar",4,"Cistus salviifolius",0.8,"4,10"
"23","Doñana",2021,"Pinar Aznalcazar",4,"Cistus salviifolius",1,"6,01"
"24","Doñana",2021,"Pinar Aznalcazar",4,"Cistus salviifolius",0.4,"6,04"
"25","Doñana",2021,"Pinar Aznalcazar",4,"Cistus salviifolius",0.6,"6,07"
"26","Doñana",2021,"Pinar Aznalcazar",4,"Cistus salviifolius",0.8,"6,10"
"27","Doñana",2021,"Pinar Aznalcazar",4,"Cistus salviifolius",0.8,"8,03"
"28","Doñana",2021,"Pinar Aznalcazar",4,"Cistus salviifolius",0.6,"8,10"
"29","Doñana",2021,"Pinar Aznalcazar",4,"Cistus salviifolius",1,"9,03"
"30","Doñana",2021,"Pinar Aznalcazar",5,"Cistus crispus",1,"(1,01)1"
"31","Doñana",2021,"Pinar Aznalcazar",5,"Cistus crispus",1,"(1,01)2"
"32","Doñana",2021,"Pinar Aznalcazar",5,"Cistus crispus",1,"1,02"
"33","Doñana",2021,"Pinar Aznalcazar",5,"Cistus crispus",0.4,"1,09"
"34","Doñana",2021,"Pinar Aznalcazar",5,"Cistus crispus",1,"2,06"
"35","Doñana",2021,"Pinar Aznalcazar",5,"Cistus crispus",0.5,"4,07"
"36","Doñana",2021,"Pinar Aznalcazar",5,"Cistus crispus",1,"5,07"
"37","Doñana",2021,"Pinar Aznalcazar",5,"Cistus crispus",1,"6,02"
"38","Doñana",2021,"Pinar Aznalcazar",5,"Cistus crispus",1,"6,07"
"39","Doñana",2021,"Pinar Aznalcazar",5,"Cistus crispus",1,"7,03"
"40","Doñana",2021,"Pinar Aznalcazar",5,"Cistus crispus",1,"7,06"
"41","Doñana",2021,"Pinar Aznalcazar",5,"Cistus crispus",0,"7,07"
"42","Doñana",2021,"Pinar Aznalcazar",5,"Cistus crispus",0.5,"8,06"
"43","Doñana",2021,"Pinar Aznalcazar",5,"Cistus crispus",1,"8,07"
"44","Doñana",2021,"Pinar Aznalcazar",5,"Cistus crispus",0.666666666666667,"8,08"
"45","Doñana",2021,"Pinar Aznalcazar",5,"Cistus crispus",1,"9,02"
"46","Doñana",2021,"Pinar Aznalcazar",5,"Cistus crispus",1,"9,06"
"47","Doñana",2021,"Pinar Aznalcazar",5,"Cistus salviifolius",0.2,"1,07"
"48","Doñana",2021,"Pinar Aznalcazar",5,"Cistus salviifolius",0,"1,10"
"49","Doñana",2021,"Pinar Aznalcazar",5,"Cistus salviifolius",1,"2,07"
"50","Doñana",2021,"Pinar Aznalcazar",5,"Cistus salviifolius",1,"3,06"
"51","Doñana",2021,"Pinar Aznalcazar",5,"Cistus salviifolius",1,"3,07"
"52","Doñana",2021,"Pinar Aznalcazar",5,"Cistus salviifolius",1,"3,08"
"53","Doñana",2021,"Pinar Aznalcazar",5,"Cistus salviifolius",1,"3,09"
"54","Doñana",2021,"Pinar Aznalcazar",5,"Cistus salviifolius",1,"4,09"
"55","Doñana",2021,"Pinar Aznalcazar",5,"Cistus salviifolius",1,"6,03"
"56","Doñana",2021,"Pinar Aznalcazar",5,"Cistus salviifolius",0,"6,04"
"57","Doñana",2021,"Pinar Aznalcazar",5,"Cistus salviifolius",0,"6,07"
"58","Doñana",2021,"Pinar Aznalcazar",5,"Cistus salviifolius",1,"6,10"
"59","Doñana",2021,"Pinar Aznalcazar",5,"Cistus salviifolius",1,"8,03"
"60","Doñana",2021,"Pinar Aznalcazar",5,"Cistus salviifolius",0,"8,10"
"61","Doñana",2021,"Pinar Aznalcazar",5,"Cistus salviifolius",0.5,"9,03"
"62","Doñana",2021,"Pinar Aznalcazar",5,"Cistus salviifolius",1,"10,10"
"63","Doñana",2021,"Pinar Aznalcazar",5,"Halimiun halimifolium",0.666666666666667,"(10,08)1"
"64","Doñana",2021,"Pinar Aznalcazar",5,"Halimiun halimifolium",0.166666666666667,"(10,08)2"
"65","Doñana",2021,"Pinar Aznalcazar",6,"Cistus crispus",0.5,"(1,01)1"
"66","Doñana",2021,"Pinar Aznalcazar",6,"Cistus crispus",0.6,"(1,01)2"
"67","Doñana",2021,"Pinar Aznalcazar",6,"Cistus crispus",1,"1,02"
"68","Doñana",2021,"Pinar Aznalcazar",6,"Cistus crispus",1,"1,08"
"69","Doñana",2021,"Pinar Aznalcazar",6,"Cistus crispus",0.6,"2,01"
"70","Doñana",2021,"Pinar Aznalcazar",6,"Cistus crispus",1,"2,06"
"71","Doñana",2021,"Pinar Aznalcazar",6,"Cistus crispus",1,"4,07"
"72","Doñana",2021,"Pinar Aznalcazar",6,"Cistus crispus",0.4,"6,02"
"73","Doñana",2021,"Pinar Aznalcazar",6,"Cistus crispus",0.6,"7,03"
"74","Doñana",2021,"Pinar Aznalcazar",6,"Cistus crispus",1,"9,07"
"75","Doñana",2021,"Pinar Aznalcazar",6,"Cistus crispus",0.75,"9,08"
"76","Doñana",2021,"Pinar Aznalcazar",6,"Halimiun halimifolium",0,"9,06"
"77","Doñana",2021,"Pinar Aznalcazar",6,"Halimiun halimifolium",0.7,"(10,08)1"
"78","Doñana",2021,"Pinar Aznalcazar",6,"Halimiun halimifolium",0.466666666666667,"(10,08)2"
"79","Doñana",2021,"Pinar Aznalcazar",6,"Halimiun halimifolium",0.5,"10,09"
"80","Doñana",2021,"Pinar Aznalcazar",7,"Cistus crispus",1,"(1,01)2"
"81","Doñana",2021,"Pinar Aznalcazar",7,"Cistus crispus",0.8,"1,02"
"82","Doñana",2021,"Pinar Aznalcazar",7,"Cistus crispus",1,"1,03"
"83","Doñana",2021,"Pinar Aznalcazar",7,"Cistus crispus",1,"2,01"
"84","Doñana",2021,"Pinar Aznalcazar",7,"Cistus crispus",1,"2,03"
"85","Doñana",2021,"Pinar Aznalcazar",7,"Cistus crispus",1,"2,06"
"86","Doñana",2021,"Pinar Aznalcazar",7,"Cistus crispus",0.6,"4,07"
"87","Doñana",2021,"Pinar Aznalcazar",7,"Cistus crispus",0.6,"7,03"
"88","Doñana",2021,"Pinar Aznalcazar",7,"Cistus crispus",0.4,"9,02"
"89","Doñana",2021,"Pinar Aznalcazar",7,"Cistus crispus",0.8,"9,07"
"90","Doñana",2021,"Pinar Aznalcazar",7,"Halimiun halimifolium",1,"8,10"
"91","Doñana",2021,"Pinar Aznalcazar",7,"Halimiun halimifolium",0.6,"9,06"
"92","Doñana",2021,"Pinar Aznalcazar",7,"Halimiun halimifolium",0.6,"(10,08)1"
"93","Doñana",2021,"Pinar Aznalcazar",7,"Halimiun halimifolium",0.6,"(10,08)2"
"94","Doñana",2021,"Pinar Aznalcazar",7,"Halimiun halimifolium",0.6,"10,09"
"95","Doñana",2021,"Pinar Aznalcazar",8,"Cistus crispus",1,"9,07"
"96","Doñana",2021,"Pinar Aznalcazar",8,"Halimiun halimifolium",0.4,"8,10"
"97","Doñana",2021,"Pinar Aznalcazar",8,"Halimiun halimifolium",0.3,"9,06"
"98","Doñana",2021,"Pinar Aznalcazar",8,"Halimiun halimifolium",0.2,"(10,08)1"
"99","Doñana",2021,"Pinar Aznalcazar",8,"Halimiun halimifolium",0.2,"(10,08)2"
"100","Doñana",2021,"Pinar Aznalcazar",8,"Halimiun halimifolium",0.3,"10,09"
"101","Doñana",2021,"Pinar Hinojos",1,"Halimiun calycinum",1,"(1,01)2"
"102","Doñana",2021,"Pinar Hinojos",1,"Halimiun calycinum",0.6,"4,05"
"103","Doñana",2021,"Pinar Hinojos",1,"Halimiun calycinum",1,"5,04"
"104","Doñana",2021,"Pinar Hinojos",1,"Halimiun calycinum",0.8,"8,01"
"105","Doñana",2021,"Pinar Hinojos",1,"Halimiun calycinum",0.8,"8,04"
"106","Doñana",2021,"Pinar Hinojos",2,"Halimiun calycinum",0.8,"2,01"
"107","Doñana",2021,"Pinar Hinojos",2,"Halimiun calycinum",0.333333333333333,"3,06"
"108","Doñana",2021,"Pinar Hinojos",2,"Halimiun calycinum",0.4,"4,05"
"109","Doñana",2021,"Pinar Hinojos",2,"Halimiun calycinum",1,"5,04"
"110","Doñana",2021,"Pinar Hinojos",2,"Halimiun calycinum",0.6,"8,01"
"111","Doñana",2021,"Pinar Hinojos",2,"Halimiun calycinum",0.8,"8,04"
"112","Doñana",2021,"Pinar Hinojos",3,"Halimiun calycinum",0.6,"(1,01)1"
"113","Doñana",2021,"Pinar Hinojos",3,"Halimiun calycinum",0.333333333333333,"(1,01)2"
"114","Doñana",2021,"Pinar Hinojos",3,"Halimiun calycinum",1,"(1,01)3"
"115","Doñana",2021,"Pinar Hinojos",3,"Halimiun calycinum",0.4,"2,01"
"116","Doñana",2021,"Pinar Hinojos",3,"Halimiun calycinum",0.3,"4,05"
"117","Doñana",2021,"Pinar Hinojos",3,"Halimiun calycinum",1,"5,04"
"118","Doñana",2021,"Pinar Hinojos",3,"Halimiun calycinum",0.777777777777778,"8,01"
"119","Doñana",2021,"Pinar Hinojos",3,"Halimiun calycinum",0.666666666666667,"8,04"
"120","Doñana",2021,"Pinar Hinojos",4,"Halimiun calycinum",0,"(1,01)1"
"121","Doñana",2021,"Pinar Hinojos",4,"Halimiun calycinum",0,"(1,01)2"
"122","Doñana",2021,"Pinar Hinojos",4,"Halimiun calycinum",0.666666666666667,"(1,01)3"
"123","Doñana",2021,"Pinar Hinojos",4,"Halimiun calycinum",0,"2,01"
"124","Doñana",2021,"Pinar Hinojos",4,"Halimiun calycinum",1,"3,06"
"125","Doñana",2021,"Pinar Hinojos",4,"Halimiun calycinum",0.444444444444444,"4,05"
"126","Doñana",2021,"Pinar Hinojos",4,"Halimiun calycinum",0.333333333333333,"5,04"
"127","Doñana",2021,"Pinar Hinojos",4,"Halimiun calycinum",0.444444444444444,"8,01"
"128","Doñana",2021,"Pinar Hinojos",4,"Halimiun calycinum",0.555555555555556,"8,04"
"129","Doñana",2021,"Pinar Hinojos",5,"Cistus libanotis",1,"4,08"
"130","Doñana",2021,"Pinar Hinojos",5,"Cistus libanotis",1,"10,07"
"131","Doñana",2021,"Pinar Hinojos",5,"Halimiun calycinum",1,"(1,01)2"
"132","Doñana",2021,"Pinar Hinojos",5,"Halimiun calycinum",0,"(1,01)3"
"133","Doñana",2021,"Pinar Hinojos",5,"Halimiun calycinum",0.333333333333333,"2,01"
"134","Doñana",2021,"Pinar Hinojos",5,"Halimiun calycinum",0.4,"4,05"
"135","Doñana",2021,"Pinar Hinojos",5,"Halimiun calycinum",1,"5,04"
"136","Doñana",2021,"Pinar Hinojos",5,"Halimiun calycinum",0.875,"8,01"
"137","Doñana",2021,"Pinar Hinojos",5,"Halimiun calycinum",0.857142857142857,"8,04"
"138","Doñana",2021,"Pinar Hinojos",6,"Cistus libanotis",0.454545454545455,"4,08"
"139","Doñana",2021,"Pinar Hinojos",6,"Cistus libanotis",0.465116279069767,"10,07"
"140","Doñana",2021,"Pinar Hinojos",6,"Halimiun calycinum",1,"(1,01)2"
"141","Doñana",2021,"Pinar Hinojos",6,"Halimiun calycinum",0,"(1,01)3"
"142","Doñana",2021,"Pinar Hinojos",6,"Halimiun calycinum",0,"2,01"
"143","Doñana",2021,"Pinar Hinojos",6,"Halimiun calycinum",0,"3,06"
"144","Doñana",2021,"Pinar Hinojos",6,"Halimiun calycinum",0.5,"4,05"
"145","Doñana",2021,"Pinar Hinojos",6,"Halimiun calycinum",0,"5,04"
"146","Doñana",2021,"Pinar Hinojos",6,"Halimiun calycinum",0,"8,04"
"147","Doñana",2021,"Pinar Hinojos",7,"Cistus libanotis",1,"4,08"
"148","Doñana",2021,"Pinar Hinojos",7,"Cistus libanotis",0,"10,07"
"149","Doñana",2021,"Pinar Hinojos",8,NA,NA,"NA,NA"
"150","Doñana",2021,"Pinar Hinojos",9,NA,NA,"NA,NA"
"151","Doñana",2021,"Pinar Puebla",1,"Cistus salviifolius",0.8,"3,06"
"152","Doñana",2021,"Pinar Puebla",1,"Cistus salviifolius",1,"6,02"
"153","Doñana",2021,"Pinar Puebla",1,"Cistus salviifolius",0.8,"7,07"
"154","Doñana",2021,"Pinar Puebla",1,"Cistus salviifolius",1,"9,04"
"155","Doñana",2021,"Pinar Puebla",1,"Cistus salviifolius",1,"(9,10)1"
"156","Doñana",2021,"Pinar Puebla",2,"Cistus salviifolius",0.8,"2,04"
"157","Doñana",2021,"Pinar Puebla",2,"Cistus salviifolius",0.8,"3,06"
"158","Doñana",2021,"Pinar Puebla",2,"Cistus salviifolius",1,"3,10"
"159","Doñana",2021,"Pinar Puebla",2,"Cistus salviifolius",1,"(6,01)1"
"160","Doñana",2021,"Pinar Puebla",2,"Cistus salviifolius",1,"(6,01)2"
"161","Doñana",2021,"Pinar Puebla",2,"Cistus salviifolius",0.6,"6,02"
"162","Doñana",2021,"Pinar Puebla",2,"Cistus salviifolius",1,"7,07"
"163","Doñana",2021,"Pinar Puebla",2,"Cistus salviifolius",0.8,"9,02"
"164","Doñana",2021,"Pinar Puebla",2,"Cistus salviifolius",1,"9,04"
"165","Doñana",2021,"Pinar Puebla",2,"Cistus salviifolius",1,"(9,10)2"
"166","Doñana",2021,"Pinar Puebla",3,"Cistus salviifolius",0.6,"2,10"
"167","Doñana",2021,"Pinar Puebla",3,"Cistus salviifolius",0.8,"3,06"
"168","Doñana",2021,"Pinar Puebla",3,"Cistus salviifolius",0.6,"3,10"
"169","Doñana",2021,"Pinar Puebla",3,"Cistus salviifolius",1,"(6,01)1"
"170","Doñana",2021,"Pinar Puebla",3,"Cistus salviifolius",0.8,"(6,01)2"
"171","Doñana",2021,"Pinar Puebla",3,"Cistus salviifolius",0.8,"6,02"
"172","Doñana",2021,"Pinar Puebla",3,"Cistus salviifolius",1,"7,01"
"173","Doñana",2021,"Pinar Puebla",3,"Cistus salviifolius",1,"7,07"
"174","Doñana",2021,"Pinar Puebla",3,"Cistus salviifolius",1,"9,04"
"175","Doñana",2021,"Pinar Puebla",3,"Cistus salviifolius",0.8,"(9,10)2"
"176","Doñana",2021,"Pinar Puebla",4,"Cistus salviifolius",0.285714285714286,"1,02"
"177","Doñana",2021,"Pinar Puebla",4,"Cistus salviifolius",0,"1,07"
"178","Doñana",2021,"Pinar Puebla",4,"Cistus salviifolius",1,"2,10"
"179","Doñana",2021,"Pinar Puebla",4,"Cistus salviifolius",0,"3,06"
"180","Doñana",2021,"Pinar Puebla",4,"Cistus salviifolius",0,"4,02"
"181","Doñana",2021,"Pinar Puebla",4,"Cistus salviifolius",0.5,"4,06"
"182","Doñana",2021,"Pinar Puebla",4,"Cistus salviifolius",1,"5,01"
"183","Doñana",2021,"Pinar Puebla",4,"Cistus salviifolius",1,"5,07"
"184","Doñana",2021,"Pinar Puebla",4,"Cistus salviifolius",1,"(6,01)1"
"185","Doñana",2021,"Pinar Puebla",4,"Cistus salviifolius",0,"9,02"
"186","Doñana",2021,"Pinar Puebla",5,"Cistus salviifolius",0.5,"2,10"
"187","Doñana",2021,"Pinar Puebla",5,"Cistus salviifolius",0,"3,04"
"188","Doñana",2021,"Pinar Puebla",5,"Cistus salviifolius",1,"(6,01)2"
"189","Doñana",2021,"Pinar Puebla",5,"Cistus salviifolius",0,"9,04"
"190","Doñana",2021,"Pinar Puebla",6,"Cistus crispus",1,"8,06"
"191","Doñana",2021,"Pinar Puebla",6,"Cistus crispus",1,"8,07"
"192","Doñana",2021,"Pinar Puebla",6,"Cistus crispus",0.75,"9,06"
"193","Doñana",2021,"Pinar Puebla",6,"Cistus crispus",1,"9,07"
"194","Doñana",2021,"Pinar Puebla",6,"Cistus crispus",1,"10,07"
"195","Doñana",2021,"Pinar Puebla",7,"Cistus crispus",0.333333333333333,"8,06"
"196","Doñana",2021,"Pinar Puebla",7,"Cistus crispus",0,"8,07"
"197","Doñana",2021,"Pinar Puebla",7,"Cistus crispus",0,"9,06"
"198","Doñana",2021,"Pinar Puebla",7,"Cistus crispus",0,"9,07"
"199","Doñana",2021,"Pinar Puebla",7,"Cistus crispus",1,"10,06"
"200","Doñana",2021,"Pinar Puebla",8,"Cistus crispus",0,"8,07"
"201","Doñana",2021,"Pinar Puebla",8,"Cistus crispus",0.5,"9,06"
"202","Doñana",2021,"Pinar Puebla",8,"Cistus crispus",0.5,"9,07"
"203","Doñana",2021,"Pinar Puebla",8,"Cistus crispus",1,"10,06"
"204","Doñana",2021,"Villamanrique Chaparral",2,"Cistus ladanifer",0,"3,09"
"205","Doñana",2021,"Villamanrique Chaparral",2,"Cistus ladanifer",0.2,"(5,10)1"
"206","Doñana",2021,"Villamanrique Chaparral",2,"Cistus ladanifer",0.4,"(5,10)2"
"207","Doñana",2021,"Villamanrique Chaparral",2,"Cistus ladanifer",0,"10,02"
"208","Doñana",2021,"Villamanrique Chaparral",2,"Cistus ladanifer",0,"10,06"
"209","Doñana",2021,"Villamanrique Chaparral",3,"Cistus ladanifer",0.6,"3,09"
"210","Doñana",2021,"Villamanrique Chaparral",3,"Cistus ladanifer",1,"4,05"
"211","Doñana",2021,"Villamanrique Chaparral",3,"Cistus ladanifer",0.5,"4,10"
"212","Doñana",2021,"Villamanrique Chaparral",3,"Cistus ladanifer",0.2,"7,09"
"213","Doñana",2021,"Villamanrique Chaparral",3,"Cistus ladanifer",0.75,"8,03"
"214","Doñana",2021,"Villamanrique Chaparral",3,"Cistus ladanifer",0.4,"10,02"
"215","Doñana",2021,"Villamanrique Chaparral",3,"Cistus ladanifer",0.2,"10,06"
"216","Doñana",2021,"Villamanrique Chaparral",3,"Cistus ladanifer",0.6,"10,08"
"217","Doñana",2021,"Villamanrique Chaparral",3,"Cistus ladanifer",0,"10,09"
"218","Doñana",2021,"Villamanrique Chaparral",3,"Cistus ladanifer",0,"(10,10)2"
"219","Doñana",2021,"Villamanrique Chaparral",3,"Cistus salviifolius",1,"(6,06)1"
"220","Doñana",2021,"Villamanrique Chaparral",3,"Cistus salviifolius",0.8,"6,08"
"221","Doñana",2021,"Villamanrique Chaparral",3,"Cistus salviifolius",0,"(7,08)2"
"222","Doñana",2021,"Villamanrique Chaparral",3,"Cistus salviifolius",0.8,"7,09"
"223","Doñana",2021,"Villamanrique Chaparral",3,"Cistus salviifolius",0.8,"9,06"
"224","Doñana",2021,"Villamanrique Chaparral",4,"Cistus ladanifer",0.5,"4,05"
"225","Doñana",2021,"Villamanrique Chaparral",4,"Cistus ladanifer",0.5,"5,01"
"226","Doñana",2021,"Villamanrique Chaparral",4,"Cistus ladanifer",1,"5,02"
"227","Doñana",2021,"Villamanrique Chaparral",4,"Cistus ladanifer",1,"6,05"
"228","Doñana",2021,"Villamanrique Chaparral",4,"Cistus ladanifer",0.75,"7,09"
"229","Doñana",2021,"Villamanrique Chaparral",4,"Cistus ladanifer",1,"7,10"
"230","Doñana",2021,"Villamanrique Chaparral",4,"Cistus ladanifer",0,"10,08"
"231","Doñana",2021,"Villamanrique Chaparral",4,"Cistus ladanifer",0.8,"10,09"
"232","Doñana",2021,"Villamanrique Chaparral",4,"Cistus salviifolius",1,"(1,08)1"
"233","Doñana",2021,"Villamanrique Chaparral",4,"Cistus salviifolius",1,"1,10"
"234","Doñana",2021,"Villamanrique Chaparral",4,"Cistus salviifolius",0.8,"2,01"
"235","Doñana",2021,"Villamanrique Chaparral",4,"Cistus salviifolius",1,"(3,02)1"
"236","Doñana",2021,"Villamanrique Chaparral",4,"Cistus salviifolius",0.2,"3,08"
"237","Doñana",2021,"Villamanrique Chaparral",4,"Cistus salviifolius",0.8,"4,02"
"238","Doñana",2021,"Villamanrique Chaparral",4,"Cistus salviifolius",0.8,"(6,06)1"
"239","Doñana",2021,"Villamanrique Chaparral",4,"Cistus salviifolius",0.8,"7,09"
"240","Doñana",2021,"Villamanrique Chaparral",4,"Cistus salviifolius",0.4,"(8,03)2"
"241","Doñana",2021,"Villamanrique Chaparral",4,"Cistus salviifolius",0.8,"9,06"
"242","Doñana",2021,"Villamanrique Chaparral",5,"Cistus crispus",1,"(3,01)1"
"243","Doñana",2021,"Villamanrique Chaparral",5,"Cistus crispus",1,"4,05"
"244","Doñana",2021,"Villamanrique Chaparral",5,"Cistus crispus",0,"5,04"
"245","Doñana",2021,"Villamanrique Chaparral",5,"Cistus crispus",0,"6,01"
"246","Doñana",2021,"Villamanrique Chaparral",5,"Cistus crispus",0.666666666666667,"6,04"
"247","Doñana",2021,"Villamanrique Chaparral",5,"Cistus crispus",1,"6,05"
"248","Doñana",2021,"Villamanrique Chaparral",5,"Cistus crispus",0,"6,06"
"249","Doñana",2021,"Villamanrique Chaparral",5,"Cistus salviifolius",1,"(1,01)2"
"250","Doñana",2021,"Villamanrique Chaparral",5,"Cistus salviifolius",1,"(1,08)1"
"251","Doñana",2021,"Villamanrique Chaparral",5,"Cistus salviifolius",1,"(2,06)1"
"252","Doñana",2021,"Villamanrique Chaparral",5,"Cistus salviifolius",0.8,"3,07"
"253","Doñana",2021,"Villamanrique Chaparral",5,"Cistus salviifolius",0.8,"4,02"
"254","Doñana",2021,"Villamanrique Chaparral",5,"Cistus salviifolius",1,"5,04"
"255","Doñana",2021,"Villamanrique Chaparral",5,"Cistus salviifolius",1,"(6,06)2"
"256","Doñana",2021,"Villamanrique Chaparral",5,"Cistus salviifolius",1,"(7,08)2"
"257","Doñana",2021,"Villamanrique Chaparral",5,"Cistus salviifolius",1,"7,09"
"258","Doñana",2021,"Villamanrique Chaparral",5,"Cistus salviifolius",1,"(8,03)1"
"259","Doñana",2021,"Villamanrique Chaparral",5,"Cistus salviifolius",1,"(8,03)2"
"260","Doñana",2021,"Villamanrique Chaparral",6,"Cistus crispus",0.6,"1,02"
"261","Doñana",2021,"Villamanrique Chaparral",6,"Cistus crispus",0.8,"1,04"
"262","Doñana",2021,"Villamanrique Chaparral",6,"Cistus crispus",0.2,"2,05"
"263","Doñana",2021,"Villamanrique Chaparral",6,"Cistus crispus",1,"4,07"
"264","Doñana",2021,"Villamanrique Chaparral",6,"Cistus crispus",0.8,"5,04"
"265","Doñana",2021,"Villamanrique Chaparral",6,"Cistus crispus",0.6,"5,05"
"266","Doñana",2021,"Villamanrique Chaparral",6,"Cistus crispus",0.8,"6,04"
"267","Doñana",2021,"Villamanrique Chaparral",6,"Cistus crispus",1,"(7,01)2"
"268","Doñana",2021,"Villamanrique Chaparral",6,"Cistus crispus",0.2,"9,05"
"269","Doñana",2021,"Villamanrique Chaparral",6,"Cistus salviifolius",0.8,"(1,08)1"
"270","Doñana",2021,"Villamanrique Chaparral",6,"Cistus salviifolius",0.8,"(2,06)1"
"271","Doñana",2021,"Villamanrique Chaparral",6,"Cistus salviifolius",0.6,"3,08"
"272","Doñana",2021,"Villamanrique Chaparral",6,"Cistus salviifolius",1,"3,10"
"273","Doñana",2021,"Villamanrique Chaparral",6,"Cistus salviifolius",1,"4,02"
"274","Doñana",2021,"Villamanrique Chaparral",6,"Cistus salviifolius",0.8,"4,09"
"275","Doñana",2021,"Villamanrique Chaparral",6,"Cistus salviifolius",1,"5,06"
"276","Doñana",2021,"Villamanrique Chaparral",6,"Cistus salviifolius",0.6,"5,09"
"277","Doñana",2021,"Villamanrique Chaparral",6,"Cistus salviifolius",0.6,"(7,08)2"
"278","Doñana",2021,"Villamanrique Chaparral",6,"Cistus salviifolius",0.4,"(8,03)1"
"279","Doñana",2021,"Villamanrique Chaparral",7,"Cistus crispus",0.6,"(1,03)2"
"280","Doñana",2021,"Villamanrique Chaparral",7,"Cistus crispus",1,"1,04"
"281","Doñana",2021,"Villamanrique Chaparral",7,"Cistus crispus",1,"1,07"
"282","Doñana",2021,"Villamanrique Chaparral",7,"Cistus crispus",0.8,"(2,03)1"
"283","Doñana",2021,"Villamanrique Chaparral",7,"Cistus crispus",1,"(2,03)2"
"284","Doñana",2021,"Villamanrique Chaparral",7,"Cistus crispus",0.6,"2,05"
"285","Doñana",2021,"Villamanrique Chaparral",7,"Cistus crispus",0.8,"5,04"
"286","Doñana",2021,"Villamanrique Chaparral",7,"Cistus crispus",0.6,"6,04"
"287","Doñana",2021,"Villamanrique Chaparral",7,"Cistus crispus",1,"(7,01)2"
"288","Doñana",2021,"Villamanrique Chaparral",7,"Cistus crispus",1,"9,05"
"289","Doñana",2021,"Villamanrique Chaparral",8,"Cistus crispus",0,"1,02"
"290","Doñana",2021,"Villamanrique Chaparral",8,"Cistus crispus",1,"(1,03)1"
"291","Doñana",2021,"Villamanrique Chaparral",8,"Cistus crispus",1,"1,04"
"292","Doñana",2021,"Villamanrique Chaparral",8,"Cistus crispus",0.8,"1,07"
"293","Doñana",2021,"Villamanrique Chaparral",8,"Cistus crispus",0.8,"2,05"
"294","Doñana",2021,"Villamanrique Chaparral",8,"Cistus crispus",0.6,"4,07"
"295","Doñana",2021,"Villamanrique Chaparral",8,"Cistus crispus",1,"5,04"
"296","Doñana",2021,"Villamanrique Chaparral",8,"Cistus crispus",0.4,"5,05"
"297","Doñana",2021,"Villamanrique Chaparral",8,"Cistus crispus",0.8,"6,04"
"298","Doñana",2021,"Villamanrique Chaparral",8,"Cistus crispus",1,"(7,01)2"
"299","Doñana",2021,"Villamanrique Chaparral",9,"Cistus crispus",0,"1,07"
"300","Doñana",2021,"Villamanrique Chaparral",9,"Cistus crispus",1,"(3,01)1"
"301","Doñana",2021,"Villamanrique Chaparral",9,"Cistus crispus",0,"5,05"
"302","Doñana",2021,"Villamanrique Sur",2,"Cistus salviifolius",1,"(1,06)1"
"303","Doñana",2021,"Villamanrique Sur",2,"Cistus salviifolius",0.8,"2,03"
"304","Doñana",2021,"Villamanrique Sur",2,"Cistus salviifolius",1,"2,09"
"305","Doñana",2021,"Villamanrique Sur",2,"Cistus salviifolius",1,"3,07"
"306","Doñana",2021,"Villamanrique Sur",2,"Cistus salviifolius",1,"3,09"
"307","Doñana",2021,"Villamanrique Sur",2,"Cistus salviifolius",1,"3,10"
"308","Doñana",2021,"Villamanrique Sur",2,"Cistus salviifolius",1,"4,03"
"309","Doñana",2021,"Villamanrique Sur",2,"Cistus salviifolius",1,"4,09"
"310","Doñana",2021,"Villamanrique Sur",2,"Cistus salviifolius",1,"(5,08)1"
"311","Doñana",2021,"Villamanrique Sur",2,"Cistus salviifolius",0.8,"7,09"
"312","Doñana",2021,"Villamanrique Sur",2,"Cistus salviifolius",1,"9,10"
"313","Doñana",2021,"Villamanrique Sur",3,"Cistus salviifolius",0,"(1,02)1"
"314","Doñana",2021,"Villamanrique Sur",3,"Cistus salviifolius",1,"1,03"
"315","Doñana",2021,"Villamanrique Sur",3,"Cistus salviifolius",1,"(1,06)2"
"316","Doñana",2021,"Villamanrique Sur",3,"Cistus salviifolius",0.8,"2,03"
"317","Doñana",2021,"Villamanrique Sur",3,"Cistus salviifolius",0.8,"3,07"
"318","Doñana",2021,"Villamanrique Sur",3,"Cistus salviifolius",1,"3,10"
"319","Doñana",2021,"Villamanrique Sur",3,"Cistus salviifolius",1,"5,02"
"320","Doñana",2021,"Villamanrique Sur",3,"Cistus salviifolius",1,"(6,03)1"
"321","Doñana",2021,"Villamanrique Sur",3,"Cistus salviifolius",1,"8,03"
"322","Doñana",2021,"Villamanrique Sur",3,"Cistus salviifolius",0.8,"9,07"
"323","Doñana",2021,"Villamanrique Sur",3,"Cistus salviifolius",1,"9,08"
"324","Doñana",2021,"Villamanrique Sur",4,"Cistus salviifolius",1,"3,10"
"325","Doñana",2021,"Villamanrique Sur",4,"Cistus salviifolius",0.8,"4,09"
"326","Doñana",2021,"Villamanrique Sur",4,"Cistus salviifolius",1,"5,01"
"327","Doñana",2021,"Villamanrique Sur",4,"Cistus salviifolius",1,"(6,03)1"
"328","Doñana",2021,"Villamanrique Sur",4,"Cistus salviifolius",0.8,"7,09"
"329","Doñana",2021,"Villamanrique Sur",4,"Cistus salviifolius",1,"8,03"
"330","Doñana",2021,"Villamanrique Sur",4,"Cistus salviifolius",1,"8,05"
"331","Doñana",2021,"Villamanrique Sur",4,"Cistus salviifolius",0.8,"9,02"
"332","Doñana",2021,"Villamanrique Sur",4,"Cistus salviifolius",1,"9,07"
"333","Doñana",2021,"Villamanrique Sur",4,"Cistus salviifolius",0.8,"9,08"
"334","Doñana",2021,"Villamanrique Sur",5,"Cistus crispus",0.5,"(8,08)1"
"335","Doñana",2021,"Villamanrique Sur",5,"Cistus crispus",1,"7,09"
"336","Doñana",2021,"Villamanrique Sur",5,"Cistus crispus",1,"9,07"
"337","Doñana",2021,"Villamanrique Sur",5,"Cistus salviifolius",1,"(1,01)2"
"338","Doñana",2021,"Villamanrique Sur",5,"Cistus salviifolius",1,"(1,06)1"
"339","Doñana",2021,"Villamanrique Sur",5,"Cistus salviifolius",1,"3,04"
"340","Doñana",2021,"Villamanrique Sur",5,"Cistus salviifolius",1,"4,09"
"341","Doñana",2021,"Villamanrique Sur",5,"Cistus salviifolius",0.8,"(5,08)1"
"342","Doñana",2021,"Villamanrique Sur",5,"Cistus salviifolius",0.8,"(5,08)2"
"343","Doñana",2021,"Villamanrique Sur",5,"Cistus salviifolius",1,"8,02"
"344","Doñana",2021,"Villamanrique Sur",5,"Cistus salviifolius",1,"9,02"
"345","Doñana",2021,"Villamanrique Sur",5,"Cistus salviifolius",0.6,"9,07"
"346","Doñana",2021,"Villamanrique Sur",5,"Cistus salviifolius",1,"9,08"
"347","Doñana",2021,"Villamanrique Sur",5,"Halimiun halimifolium",0.8,"1,09"
"348","Doñana",2021,"Villamanrique Sur",5,"Halimiun halimifolium",0,"(3,01)1"
"349","Doñana",2021,"Villamanrique Sur",6,"Cistus crispus",1,"5,04"
"350","Doñana",2021,"Villamanrique Sur",6,"Cistus crispus",0.8,"6,06"
"351","Doñana",2021,"Villamanrique Sur",6,"Cistus crispus",0.8,"7,10"
"352","Doñana",2021,"Villamanrique Sur",6,"Cistus crispus",1,"(8,08)1"
"353","Doñana",2021,"Villamanrique Sur",6,"Cistus crispus",1,"(8,08)3"
"354","Doñana",2021,"Villamanrique Sur",6,"Cistus crispus",1,"(8,08)4"
"355","Doñana",2021,"Villamanrique Sur",6,"Cistus crispus",0.8,"8,09"
"356","Doñana",2021,"Villamanrique Sur",6,"Cistus crispus",0.8,"(8,10)1"
"357","Doñana",2021,"Villamanrique Sur",6,"Cistus crispus",0.8,"(8,10)2"
"358","Doñana",2021,"Villamanrique Sur",6,"Cistus crispus",1,"9,07"
"359","Doñana",2021,"Villamanrique Sur",6,"Cistus salviifolius",1,"1,10"
"360","Doñana",2021,"Villamanrique Sur",6,"Cistus salviifolius",0,"2,09"
"361","Doñana",2021,"Villamanrique Sur",6,"Cistus salviifolius",0.5,"2,10"
"362","Doñana",2021,"Villamanrique Sur",6,"Cistus salviifolius",0.933333333333333,"8,02"
"363","Doñana",2021,"Villamanrique Sur",6,"Cistus salviifolius",0.6,"9,07"
"364","Doñana",2021,"Villamanrique Sur",6,"Cistus salviifolius",1,"9,10"
"365","Doñana",2021,"Villamanrique Sur",6,"Halimiun halimifolium",0.4,"1,09"
"366","Doñana",2021,"Villamanrique Sur",6,"Halimiun halimifolium",0.4,"(3,01)1"
"367","Doñana",2021,"Villamanrique Sur",6,"Halimiun halimifolium",0,"(3,01)2"
"368","Doñana",2021,"Villamanrique Sur",7,"Cistus crispus",0.8,"(3,06)1"
"369","Doñana",2021,"Villamanrique Sur",7,"Cistus crispus",0.8,"(3,06)2"
"370","Doñana",2021,"Villamanrique Sur",7,"Cistus crispus",1,"5,04"
"371","Doñana",2021,"Villamanrique Sur",7,"Cistus crispus",1,"6,06"
"372","Doñana",2021,"Villamanrique Sur",7,"Cistus crispus",1,"(8,08)3"
"373","Doñana",2021,"Villamanrique Sur",7,"Cistus crispus",0.8,"(8,08)4"
"374","Doñana",2021,"Villamanrique Sur",7,"Cistus crispus",0.8,"8,09"
"375","Doñana",2021,"Villamanrique Sur",7,"Cistus crispus",0.6,"(8,10)1"
"376","Doñana",2021,"Villamanrique Sur",7,"Cistus crispus",0.2,"(8,10)2"
"377","Doñana",2021,"Villamanrique Sur",7,"Cistus crispus",1,"9,07"
"378","Doñana",2021,"Villamanrique Sur",7,"Halimiun halimifolium",0.1,"1,09"
"379","Doñana",2021,"Villamanrique Sur",7,"Halimiun halimifolium",0.1,"(3,01)1"
"380","Doñana",2021,"Villamanrique Sur",7,"Halimiun halimifolium",0,"(3,01)2"
"381","Doñana",2021,"Villamanrique Sur",8,"Cistus crispus",0,"(3,05)2"
"382","Doñana",2021,"Villamanrique Sur",8,"Cistus crispus",0,"(4,06)3"
"383","Doñana",2021,"Villamanrique Sur",8,"Cistus crispus",0.5,"5,04"
"384","Doñana",2021,"Villamanrique Sur",8,"Cistus crispus",0.2,"6,06"
"385","Doñana",2021,"Villamanrique Sur",8,"Cistus crispus",0,"(8,08)2"
"386","Doñana",2021,"Villamanrique Sur",8,"Cistus crispus",0,"(8,08)4"
"387","Doñana",2021,"Villamanrique Sur",8,"Cistus crispus",0.8,"9,02"
"388","Doñana",2021,"Villamanrique Sur",8,"Cistus crispus",1,"9,07"
"389","Doñana",2021,"Villamanrique Sur",8,"Cistus crispus",0,"10,08"
"390","Doñana",2021,"Villamanrique Sur",8,"Halimiun halimifolium",0,"1,09"
"391","Doñana",2021,"Villamanrique Sur",8,"Halimiun halimifolium",0,"(3,01)1"
"392","Doñana",2021,"Villamanrique Sur",8,"Halimiun halimifolium",0,"(3,01)2"
"393","Doñana",2021,"Villamanrique Sur",9,"Cistus crispus",0,"5,04"
"394","Doñana",2021,"Villamanrique Sur",9,"Cistus crispus",0.5,"6,06"
"395","Doñana",2021,"Villamanrique Sur",9,"Cistus crispus",1,"9,02"
"396","Doñana",2021,"Villamanrique Sur",9,"Halimiun halimifolium",0,"1,09"
"397","Doñana",2021,"Villamanrique Sur",9,"Halimiun halimifolium",0,"(3,01)2"
"398","Gorbea",2021,"1",2,"Helleborus viridis subsp. occidentalis",1,"20"
"399","Gorbea",2021,"1",2,"Helleborus viridis subsp. occidentalis",0.6,"21"
"400","Gorbea",2021,"1",2,"Helleborus viridis subsp. occidentalis",0.8,"22"
"401","Gorbea",2021,"1",2,"Helleborus viridis subsp. occidentalis",0.8,"23"
"402","Gorbea",2021,"1",2,"Helleborus viridis subsp. occidentalis",1,"24"
"403","Gorbea",2021,"1",2,"Helleborus viridis subsp. occidentalis",1,"25"
"404","Gorbea",2021,"1",2,"Helleborus viridis subsp. occidentalis",0.6,"26"
"405","Gorbea",2021,"1",2,"Helleborus viridis subsp. occidentalis",0.8,"27"
"406","Gorbea",2021,"1",2,"Helleborus viridis subsp. occidentalis",0.8,"28"
"407","Gorbea",2021,"1",2,"Helleborus viridis subsp. occidentalis",1,"29"
"408","Gorbea",2021,"1",2,"Helleborus viridis subsp. occidentalis",0.4,"30"
"409","Gorbea",2021,"1",2,"Oxalis acetosella",1,"1"
"410","Gorbea",2021,"1",2,"Oxalis acetosella",0,"2"
"411","Gorbea",2021,"1",2,"Oxalis acetosella",1,"3"
"412","Gorbea",2021,"1",2,"Oxalis acetosella",1,"4"
"413","Gorbea",2021,"1",2,"Oxalis acetosella",1,"5"
"414","Gorbea",2021,"1",2,"Primula elatior",0.75,"1"
"415","Gorbea",2021,"1",2,"Primula elatior",1,"2"
"416","Gorbea",2021,"1",2,"Primula elatior",0,"3"
"417","Gorbea",2021,"1",2,"Primula elatior",0.833333333333333,"4"
"418","Gorbea",2021,"1",2,"Primula elatior",0,"5"
"419","Gorbea",2021,"1",2,"Primula veris",1,"10"
"420","Gorbea",2021,"1",2,"Primula veris",1,"22"
"421","Gorbea",2021,"1",2,"Primula veris",1,"23"
"422","Gorbea",2021,"1",2,"Primula veris",1,"24"
"423","Gorbea",2021,"1",2,"Primula veris",1,"6"
"424","Gorbea",2021,"1",2,"Primula veris",1,"7"
"425","Gorbea",2021,"1",2,"Primula veris",1,"9"
"426","Gorbea",2021,"1",2,"Ranunculus ficaria",1,"3"
"427","Gorbea",2021,"1",2,"Viola riviniana",1,"1"
"428","Gorbea",2021,"1",2,"Viola riviniana",1,"2"
"429","Gorbea",2021,"1",2,"Viola riviniana",1,"5"
"430","Gorbea",2021,"1",3,"Erysimum gorbeanum",0.722222222222222,"4"
"431","Gorbea",2021,"1",3,"Erysimum gorbeanum",0.8125,"6"
"432","Gorbea",2021,"1",3,"Hutchinsia alpina",0.96,"5"
"433","Gorbea",2021,"1",4,"Helleborus viridis subsp. occidentalis",0.8,"31"
"434","Gorbea",2021,"1",4,"Helleborus viridis subsp. occidentalis",1,"32"
"435","Gorbea",2021,"1",4,"Helleborus viridis subsp. occidentalis",0.8,"33"
"436","Gorbea",2021,"1",4,"Helleborus viridis subsp. occidentalis",0.4,"34"
"437","Gorbea",2021,"1",4,"Helleborus viridis subsp. occidentalis",0.6,"35"
"438","Gorbea",2021,"1",4,"Scilla verna",1,"31"
"439","Gorbea",2021,"1",4,"Scilla verna",1,"32"
"440","Gorbea",2021,"1",4,"Scilla verna",0.8,"36"
"441","Gorbea",2021,"1",4,"Scilla verna",0.333333333333333,"37"
"442","Gorbea",2021,"1",4,"Scilla verna",1,"38"
"443","Gorbea",2021,"1",4,"Scilla verna",0.75,"39"
"444","Gorbea",2021,"1",4,"Vicia pyrenaica",1,"1"
"445","Gorbea",2021,"1",4,"Vicia pyrenaica",1,"10"
"446","Gorbea",2021,"1",4,"Vicia pyrenaica",1,"2"
"447","Gorbea",2021,"1",4,"Vicia pyrenaica",1,"25"
"448","Gorbea",2021,"1",4,"Vicia pyrenaica",1,"3"
"449","Gorbea",2021,"1",4,"Vicia pyrenaica",1,"4"
"450","Gorbea",2021,"1",4,"Vicia pyrenaica",1,"5"
"451","Gorbea",2021,"1",4,"Vicia pyrenaica",1,"6"
"452","Gorbea",2021,"1",4,"Vicia pyrenaica",1,"7"
"453","Gorbea",2021,"1",4,"Vicia pyrenaica",1,"8"
"454","Gorbea",2021,"1",4,"Vicia pyrenaica",1,"9"
"455","Gorbea",2021,"1",5,"Cardamine pratensis",0.833333333333333,"7"
"456","Gorbea",2021,"1",5,"Erysimum gorbeanum",0.875,"22"
"457","Gorbea",2021,"1",5,"Erysimum gorbeanum",0.666666666666667,"9"
"458","Gorbea",2021,"1",6,"Erysimum gorbeanum",0.526315789473684,"10"
"459","Gorbea",2021,"1",6,"Erysimum gorbeanum",0.615384615384615,"13"
"460","Gorbea",2021,"1",6,"Vicia pyrenaica",1,"12"
"461","Gorbea",2021,"1",6,"Vicia pyrenaica",1,"13"
"462","Gorbea",2021,"1",6,"Vicia pyrenaica",1,"14"
"463","Gorbea",2021,"1",6,"Vicia pyrenaica",0.666666666666667,"16"
"464","Gorbea",2021,"1",6,"Vicia pyrenaica",1,"17"
"465","Gorbea",2021,"1",6,"Vicia pyrenaica",1,"18"
"466","Gorbea",2021,"1",6,"Vicia pyrenaica",1,"19"
"467","Gorbea",2021,"1",6,"Vicia pyrenaica",1,"26"
"468","Gorbea",2021,"1",6,"Vicia pyrenaica",1,"34"
"469","Gorbea",2021,"1",6,"Vicia pyrenaica",1,"36"
"470","Gorbea",2021,"2",3,"Hepatica nobilis",1,"1"
"471","Gorbea",2021,"2",3,"Hepatica nobilis",1,"10"
"472","Gorbea",2021,"2",3,"Hepatica nobilis",1,"2"
"473","Gorbea",2021,"2",3,"Hepatica nobilis",1,"3"
"474","Gorbea",2021,"2",3,"Hepatica nobilis",1,"4"
"475","Gorbea",2021,"2",3,"Hepatica nobilis",1,"5"
"476","Gorbea",2021,"2",3,"Hepatica nobilis",1,"6"
"477","Gorbea",2021,"2",3,"Hepatica nobilis",1,"7"
"478","Gorbea",2021,"2",3,"Hepatica nobilis",1,"8"
"479","Gorbea",2021,"2",3,"Hepatica nobilis",1,"9"
"480","Gorbea",2021,"2",3,"Hutchinsia alpina",1,"1"
"481","Gorbea",2021,"2",3,"Hutchinsia alpina",1,"10"
"482","Gorbea",2021,"2",3,"Hutchinsia alpina",1,"3"
"483","Gorbea",2021,"2",3,"Hutchinsia alpina",1,"4"
"484","Gorbea",2021,"2",3,"Hutchinsia alpina",1,"5"
"485","Gorbea",2021,"2",3,"Hutchinsia alpina",1,"6"
"486","Gorbea",2021,"2",3,"Hutchinsia alpina",1,"7"
"487","Gorbea",2021,"2",3,"Hutchinsia alpina",0.266666666666667,"9"
"488","Gorbea",2021,"2",4,"Cardamine pratensis",1,"5"
"489","Gorbea",2021,"2",5,"Cardamine pratensis",1,"10"
"490","Gorbea",2021,"2",5,"Cardamine pratensis",1,"11"
"491","Gorbea",2021,"2",5,"Cardamine pratensis",1,"13"
"492","Gorbea",2021,"2",5,"Cardamine pratensis",1,"14"
"493","Gorbea",2021,"2",5,"Cardamine pratensis",1,"15"
"494","Gorbea",2021,"2",5,"Cardamine pratensis",1,"8"
"495","Gorbea",2021,"2",5,"Cardamine pratensis",1,"9"
"496","Gorbea",2021,"3",2,"Lathyrus linifolius",0.5,"10"
"497","Gorbea",2021,"3",2,"Lathyrus linifolius",1,"2"
"498","Gorbea",2021,"3",2,"Lathyrus linifolius",0.5,"3"
"499","Gorbea",2021,"3",2,"Lathyrus linifolius",0.2,"4"
"500","Gorbea",2021,"3",2,"Lathyrus linifolius",0.5,"8"
"501","Gorbea",2021,"3",2,"Scilla verna",1,"1"
"502","Gorbea",2021,"3",2,"Scilla verna",1,"10"
"503","Gorbea",2021,"3",2,"Scilla verna",0.8,"2"
"504","Gorbea",2021,"3",2,"Scilla verna",0.8,"3"
"505","Gorbea",2021,"3",2,"Scilla verna",0.2,"4"
"506","Gorbea",2021,"3",2,"Scilla verna",1,"5"
"507","Gorbea",2021,"3",2,"Scilla verna",1,"6"
"508","Gorbea",2021,"3",2,"Scilla verna",1,"7"
"509","Gorbea",2021,"3",2,"Scilla verna",0.363636363636364,"8"
"510","Gorbea",2021,"3",2,"Scilla verna",0.75,"9"
"511","Gorbea",2021,"3",3,"Hippocrepis comosa",0.478968253968254,"1"
"512","Gorbea",2021,"3",3,"Hippocrepis comosa",0.357142857142857,"2"
"513","Gorbea",2021,"3",3,"Hippocrepis comosa",0.571428571428571,"3"
"514","Gorbea",2021,"3",3,"Hippocrepis comosa",0.666666666666667,"4"
"515","Gorbea",2021,"3",3,"Hippocrepis comosa",0.833333333333333,"5"
"516","Gorbea",2021,"3",3,"Lathyrus linifolius",1,"12"
"517","Gorbea",2021,"3",3,"Lathyrus linifolius",0.5,"13"
"518","Gorbea",2021,"3",3,"Lathyrus linifolius",1,"14"
"519","Gorbea",2021,"3",3,"Lathyrus linifolius",0.5,"15"
"520","Gorbea",2021,"3",3,"Pedicularis sylvatica",1,"1"
"521","Gorbea",2021,"3",3,"Pedicularis sylvatica",1,"2"
"522","Gorbea",2021,"3",3,"Pedicularis sylvatica",1,"3"
"523","Gorbea",2021,"3",3,"Pedicularis sylvatica",1,"4"
"524","Gorbea",2021,"3",3,"Pedicularis sylvatica",0.75,"8"
"525","Gorbea",2021,"3",5,"Helianthemum nummularium",0.333333333333333,"2"
"526","Gorbea",2021,"3",5,"Helianthemum nummularium",0.555555555555556,"3"
"527","Gorbea",2021,"3",5,"Hippocrepis comosa",0.5,"10"
"528","Gorbea",2021,"3",5,"Hippocrepis comosa",0.428571428571429,"6"
"529","Gorbea",2021,"3",5,"Hippocrepis comosa",0.666666666666667,"7"
"530","Gorbea",2021,"3",5,"Hippocrepis comosa",0.5,"8"
"531","Gorbea",2021,"3",5,"Hippocrepis comosa",0.833333333333333,"9"
"532","Gorbea",2021,"3",5,"Lathyrus linifolius",0.333333333333333,"20"
"533","Gorbea",2021,"3",6,"Helianthemum nummularium",1,"10"
"534","Gorbea",2021,"3",6,"Helianthemum nummularium",0.5,"11"
"535","Gorbea",2021,"3",6,"Helianthemum nummularium",0.5,"12"
"536","Gorbea",2021,"3",6,"Helianthemum nummularium",0.333333333333333,"13"
"537","Gorbea",2021,"3",6,"Helianthemum nummularium",0.333333333333333,"14"
"538","Gorbea",2021,"3",6,"Helianthemum nummularium",1,"7"
"539","Gorbea",2021,"3",6,"Helianthemum nummularium",0.5,"8"
"540","Gorbea",2021,"3",6,"Helianthemum nummularium",1,"9"
"541","Gorbea",2021,"3",6,"Hippocrepis comosa",0.428571428571429,"11"
"542","Gorbea",2021,"3",6,"Hippocrepis comosa",0.5,"12"
"543","Gorbea",2021,"3",6,"Hippocrepis comosa",0.166666666666667,"13"
"544","Gorbea",2021,"3",6,"Hippocrepis comosa",0.428571428571429,"14"
"545","Gorbea",2021,"3",6,"Hippocrepis comosa",0.285714285714286,"15"
"546","Gorbea",2021,"3",6,"Lotus corniculatus",0,"1"
"547","Gorbea",2021,"3",6,"Lotus corniculatus",0.666666666666667,"11"
"548","Gorbea",2021,"3",6,"Lotus corniculatus",0.75,"12"
"549","Gorbea",2021,"3",6,"Lotus corniculatus",0,"13"
"550","Gorbea",2021,"3",6,"Lotus corniculatus",0.5,"2"
"551","Gorbea",2021,"3",6,"Lotus corniculatus",0.75,"3"
"552","Gorbea",2021,"3",6,"Lotus corniculatus",0.5,"4"
"553","Gorbea",2021,"4",1,"Scilla verna",0.666666666666667,"1"
"554","Gorbea",2021,"4",1,"Scilla verna",0.5,"2"
"555","Gorbea",2021,"4",1,"Scilla verna",0.8,"3"
"556","Gorbea",2021,"4",1,"Scilla verna",0.142857142857143,"4"
"557","Gorbea",2021,"4",1,"Scilla verna",0.8,"5"
"558","Gorbea",2021,"4",1,"Scilla verna",0.666666666666667,"6"
"559","Gorbea",2021,"4",1,"Scilla verna",0.666666666666667,"7"
"560","Gorbea",2021,"4",1,"Scilla verna",0.666666666666667,"8"
"561","Gorbea",2021,"4",1,"Scilla verna",0.6,"9"
"562","Gorbea",2021,"4",2,"Scilla verna",0.75,"11"
"563","Gorbea",2021,"4",2,"Scilla verna",1,"12"
"564","Gorbea",2021,"4",2,"Scilla verna",1,"15"
"565","Gorbea",2021,"4",2,"Scilla verna",0.5,"16"
"566","Gorbea",2021,"4",2,"Scilla verna",1,"17"
"567","Gorbea",2021,"4",2,"Scilla verna",1,"18"
"568","Gorbea",2021,"4",2,"Scilla verna",0.6,"19"
"569","Gorbea",2021,"4",2,"Scilla verna",1,"20"
"570","Gorbea",2021,"4",2,"Scilla verna",0,"21"
"571","Gorbea",2021,"4",2,"Scilla verna",0,"23"
"572","Gorbea",2021,"4",2,"Scilla verna",0.833333333333333,"24"
"573","Gorbea",2021,"4",2,"Scilla verna",0.166666666666667,"25"
"574","Gorbea",2021,"4",2,"Scilla verna",0,"28"
"575","Gorbea",2021,"4",2,"Scilla verna",0,"29"
"576","Gorbea",2021,"4",2,"Scilla verna",0,"30"
"577","Gorbea",2021,"5",1,"Pedicularis sylvatica",1,"1"
"578","Gorbea",2021,"5",1,"Pedicularis sylvatica",1,"2"
"579","Gorbea",2021,"5",1,"Pedicularis sylvatica",1,"3"
"580","Gorbea",2021,"5",1,"Pedicularis sylvatica",0.5,"4"
"581","Gorbea",2021,"5",1,"Pedicularis sylvatica",1,"5"
"582","Gorbea",2021,"5",1,"Scilla verna",0.166666666666667,"10"
"583","Gorbea",2021,"5",1,"Scilla verna",1,"4"
"584","Gorbea",2021,"5",1,"Scilla verna",0.75,"5"
"585","Gorbea",2021,"5",1,"Scilla verna",1,"7"
"586","Gorbea",2021,"5",1,"Scilla verna",1,"9"
"587","Gorbea",2021,"5",4,"Scilla verna",1,"10"
"588","Gorbea",2021,"5",4,"Scilla verna",0.666666666666667,"13"
"589","Gorbea",2021,"5",4,"Scilla verna",1,"2"
"590","Gorbea",2021,"5",4,"Scilla verna",1,"3"
"591","Gorbea",2021,"5",4,"Scilla verna",0.5,"4"
"592","Gorbea",2021,"5",4,"Scilla verna",0.75,"5"
"593","Gorbea",2021,"5",4,"Scilla verna",0.333333333333333,"6"
"594","Gorbea",2021,"5",4,"Scilla verna",1,"8"
"595","Gorbea",2022,"1",2,"Erysimum gorbeanum",0.75,"11"
"596","Gorbea",2022,"1",2,"Erysimum gorbeanum",1,"12"
"597","Gorbea",2022,"1",2,"Erysimum gorbeanum",0.642857142857143,"13"
"598","Gorbea",2022,"1",2,"Erysimum gorbeanum",0.642857142857143,"14"
"599","Gorbea",2022,"1",2,"Helleborus viridis subsp. occidentalis",0,"1"
"600","Gorbea",2022,"1",2,"Helleborus viridis subsp. occidentalis",0.6,"10"
"601","Gorbea",2022,"1",2,"Helleborus viridis subsp. occidentalis",0.6,"2"
"602","Gorbea",2022,"1",2,"Helleborus viridis subsp. occidentalis",1,"3"
"603","Gorbea",2022,"1",2,"Helleborus viridis subsp. occidentalis",0.6,"4"
"604","Gorbea",2022,"1",2,"Helleborus viridis subsp. occidentalis",0.8,"6"
"605","Gorbea",2022,"1",2,"Helleborus viridis subsp. occidentalis",1,"7"
"606","Gorbea",2022,"1",2,"Helleborus viridis subsp. occidentalis",0.6,"8"
"607","Gorbea",2022,"1",2,"Helleborus viridis subsp. occidentalis",0.6,"9"
"608","Gorbea",2022,"1",3,"Erysimum gorbeanum",0.3125,"31"
"609","Gorbea",2022,"1",3,"Helleborus viridis subsp. occidentalis",0.8,"21"
"610","Gorbea",2022,"1",3,"Helleborus viridis subsp. occidentalis",1,"22"
"611","Gorbea",2022,"1",3,"Helleborus viridis subsp. occidentalis",1,"23"
"612","Gorbea",2022,"1",3,"Helleborus viridis subsp. occidentalis",0,"24"
"613","Gorbea",2022,"1",3,"Helleborus viridis subsp. occidentalis",1,"25"
"614","Gorbea",2022,"1",3,"Helleborus viridis subsp. occidentalis",0.6,"26"
"615","Gorbea",2022,"1",3,"Helleborus viridis subsp. occidentalis",0,"27"
"616","Gorbea",2022,"1",3,"Helleborus viridis subsp. occidentalis",0.8,"28"
"617","Gorbea",2022,"1",3,"Helleborus viridis subsp. occidentalis",0.8,"29"
"618","Gorbea",2022,"1",3,"Helleborus viridis subsp. occidentalis",1,"30"
"619","Gorbea",2022,"1",3,"Vicia pyrenaica",0,"33"
"620","Gorbea",2022,"1",3,"Vicia pyrenaica",1,"34"
"621","Gorbea",2022,"1",3,"Vicia pyrenaica",0,"35"
"622","Gorbea",2022,"1",4,"Helleborus viridis subsp. occidentalis",0.8,"38"
"623","Gorbea",2022,"1",4,"Helleborus viridis subsp. occidentalis",0.8,"39"
"624","Gorbea",2022,"1",4,"Helleborus viridis subsp. occidentalis",1,"40"
"625","Gorbea",2022,"1",4,"Helleborus viridis subsp. occidentalis",1,"41"
"626","Gorbea",2022,"1",4,"Vicia pyrenaica",0.5,"42"
"627","Gorbea",2022,"1",4,"Vicia pyrenaica",0.5,"43"
"628","Gorbea",2022,"1",4,"Vicia pyrenaica",0.5,"44"
"629","Gorbea",2022,"1",4,"Vicia pyrenaica",0.5,"45"
"630","Gorbea",2022,"1",4,"Vicia pyrenaica",0.5,"46"
"631","Gorbea",2022,"1",4,"Vicia pyrenaica",0.333333333333333,"47"
"632","Gorbea",2022,"1",4,"Vicia pyrenaica",0,"48"
"633","Gorbea",2022,"1",4,"Vicia pyrenaica",1,"49"
"634","Gorbea",2022,"1",4,"Vicia pyrenaica",0.5,"50"
"635","Gorbea",2022,"1",5,"Erysimum gorbeanum",0.818181818181818,"62"
"636","Gorbea",2022,"1",5,"Erysimum gorbeanum",1,"64"
"637","Gorbea",2022,"1",5,"Erysimum gorbeanum",0.5,"65"
"638","Gorbea",2022,"1",5,"Erysimum gorbeanum",0.857142857142857,"66"
"639","Gorbea",2022,"1",5,"Erysimum gorbeanum",0.461538461538462,"67"
"640","Gorbea",2022,"1",5,"Erysimum gorbeanum",0.454545454545455,"68"
"641","Gorbea",2022,"1",5,"Erysimum gorbeanum",1,"69"
"642","Gorbea",2022,"1",5,"Erysimum gorbeanum",1,"70"
"643","Gorbea",2022,"1",5,"Vicia pyrenaica",0,"51"
"644","Gorbea",2022,"1",5,"Vicia pyrenaica",1,"52"
"645","Gorbea",2022,"1",5,"Vicia pyrenaica",1,"53"
"646","Gorbea",2022,"1",5,"Vicia pyrenaica",0,"54"
"647","Gorbea",2022,"1",5,"Vicia pyrenaica",1,"55"
"648","Gorbea",2022,"1",5,"Vicia pyrenaica",1,"56"
"649","Gorbea",2022,"1",5,"Vicia pyrenaica",1,"58"
"650","Gorbea",2022,"1",5,"Vicia pyrenaica",1,"59"
"651","Gorbea",2022,"1",5,"Vicia pyrenaica",1,"60"
"652","Gorbea",2022,"1",6,"Lotus corniculatus",1,"81"
"653","Gorbea",2022,"1",6,"Lotus corniculatus",0.666666666666667,"82"
"654","Gorbea",2022,"1",6,"Lotus corniculatus",0.333333333333333,"83"
"655","Gorbea",2022,"1",6,"Lotus corniculatus",0.5,"84"
"656","Gorbea",2022,"1",6,"Lotus corniculatus",1,"85"
"657","Gorbea",2022,"1",6,"Lotus corniculatus",0,"86"
"658","Gorbea",2022,"1",6,"Lotus corniculatus",0,"87"
"659","Gorbea",2022,"1",6,"Lotus corniculatus",0,"88"
"660","Gorbea",2022,"1",6,"Lotus corniculatus",0,"89"
"661","Gorbea",2022,"1",6,"Lotus corniculatus",0.333333333333333,"90"
"662","Gorbea",2022,"1",6,"Vicia pyrenaica",1,"71"
"663","Gorbea",2022,"1",6,"Vicia pyrenaica",1,"72"
"664","Gorbea",2022,"1",6,"Vicia pyrenaica",0,"73"
"665","Gorbea",2022,"1",6,"Vicia pyrenaica",0,"74"
"666","Gorbea",2022,"1",6,"Vicia pyrenaica",0,"75"
"667","Gorbea",2022,"1",6,"Vicia pyrenaica",0.5,"76"
"668","Gorbea",2022,"1",6,"Vicia pyrenaica",1,"77"
"669","Gorbea",2022,"1",6,"Vicia pyrenaica",0,"78"
"670","Gorbea",2022,"1",6,"Vicia pyrenaica",1,"79"
"671","Gorbea",2022,"1",6,"Vicia pyrenaica",0,"80"
"672","Gorbea",2022,"2",1,"Helleborus viridis subsp. occidentalis",0.6,"11"
"673","Gorbea",2022,"2",1,"Helleborus viridis subsp. occidentalis",0.6,"12"
"674","Gorbea",2022,"2",1,"Helleborus viridis subsp. occidentalis",0.6,"13"
"675","Gorbea",2022,"2",1,"Helleborus viridis subsp. occidentalis",0.6,"14"
"676","Gorbea",2022,"2",1,"Helleborus viridis subsp. occidentalis",0.6,"15"
"677","Gorbea",2022,"2",1,"Helleborus viridis subsp. occidentalis",0.6,"16"
"678","Gorbea",2022,"2",1,"Helleborus viridis subsp. occidentalis",0.6,"17"
"679","Gorbea",2022,"2",1,"Helleborus viridis subsp. occidentalis",1,"18"
"680","Gorbea",2022,"2",1,"Helleborus viridis subsp. occidentalis",0.6,"19"
"681","Gorbea",2022,"2",1,"Helleborus viridis subsp. occidentalis",0.6,"20"
"682","Gorbea",2022,"2",1,"Hepatica nobilis",1,"1"
"683","Gorbea",2022,"2",1,"Hepatica nobilis",1,"10"
"684","Gorbea",2022,"2",1,"Hepatica nobilis",1,"3"
"685","Gorbea",2022,"2",1,"Hepatica nobilis",1,"4"
"686","Gorbea",2022,"2",1,"Hepatica nobilis",1,"5"
"687","Gorbea",2022,"2",1,"Hepatica nobilis",1,"6"
"688","Gorbea",2022,"2",1,"Hepatica nobilis",1,"7"
"689","Gorbea",2022,"2",1,"Hepatica nobilis",1,"8"
"690","Gorbea",2022,"2",1,"Hepatica nobilis",1,"9"
"691","Gorbea",2022,"2",1,"Oxalis acetosella",1,"22"
"692","Gorbea",2022,"2",1,"Oxalis acetosella",1,"23"
"693","Gorbea",2022,"2",1,"Oxalis acetosella",0,"24"
"694","Gorbea",2022,"2",1,"Oxalis acetosella",1,"26"
"695","Gorbea",2022,"2",1,"Oxalis acetosella",0,"29"
"696","Gorbea",2022,"2",1,"Oxalis acetosella",0,"30"
"697","Gorbea",2022,"2",2,"Helleborus viridis subsp. occidentalis",0.8,"41"
"698","Gorbea",2022,"2",2,"Helleborus viridis subsp. occidentalis",0.6,"42"
"699","Gorbea",2022,"2",2,"Helleborus viridis subsp. occidentalis",0.6,"43"
"700","Gorbea",2022,"2",2,"Helleborus viridis subsp. occidentalis",1,"44"
"701","Gorbea",2022,"2",2,"Helleborus viridis subsp. occidentalis",1,"45"
"702","Gorbea",2022,"2",2,"Helleborus viridis subsp. occidentalis",0.6,"46"
"703","Gorbea",2022,"2",2,"Helleborus viridis subsp. occidentalis",0.6,"47"
"704","Gorbea",2022,"2",2,"Helleborus viridis subsp. occidentalis",0.6,"48"
"705","Gorbea",2022,"2",2,"Helleborus viridis subsp. occidentalis",0,"49"
"706","Gorbea",2022,"2",2,"Helleborus viridis subsp. occidentalis",0.8,"50"
"707","Gorbea",2022,"2",2,"Hepatica nobilis",1,"31"
"708","Gorbea",2022,"2",2,"Hepatica nobilis",1,"32"
"709","Gorbea",2022,"2",2,"Hepatica nobilis",1,"33"
"710","Gorbea",2022,"2",2,"Hepatica nobilis",1,"35"
"711","Gorbea",2022,"2",2,"Hepatica nobilis",0,"37"
"712","Gorbea",2022,"2",2,"Hepatica nobilis",1,"38"
"713","Gorbea",2022,"2",2,"Hepatica nobilis",1,"39"
"714","Gorbea",2022,"2",2,"Hepatica nobilis",0,"40"
"715","Gorbea",2022,"2",2,"Oxalis acetosella",0,"51"
"716","Gorbea",2022,"2",2,"Oxalis acetosella",0,"52"
"717","Gorbea",2022,"2",2,"Oxalis acetosella",1,"53"
"718","Gorbea",2022,"2",2,"Oxalis acetosella",1,"54"
"719","Gorbea",2022,"2",2,"Oxalis acetosella",0,"55"
"720","Gorbea",2022,"2",2,"Oxalis acetosella",1,"56"
"721","Gorbea",2022,"2",2,"Oxalis acetosella",0,"57"
"722","Gorbea",2022,"2",2,"Oxalis acetosella",1,"58"
"723","Gorbea",2022,"2",2,"Oxalis acetosella",1,"59"
"724","Gorbea",2022,"2",2,"Oxalis acetosella",0,"60"
"725","Gorbea",2022,"3",1,"Lathyrus linifolius",0,"11"
"726","Gorbea",2022,"3",1,"Lathyrus linifolius",0.2,"12"
"727","Gorbea",2022,"3",1,"Lathyrus linifolius",0.5,"16"
"728","Gorbea",2022,"3",1,"Lathyrus linifolius",0.333333333333333,"17"
"729","Gorbea",2022,"3",1,"Lathyrus linifolius",0.333333333333333,"18"
"730","Gorbea",2022,"3",1,"Lathyrus linifolius",0.333333333333333,"19"
"731","Gorbea",2022,"3",1,"Scilla verna",0.25,"1"
"732","Gorbea",2022,"3",1,"Scilla verna",1,"10"
"733","Gorbea",2022,"3",1,"Scilla verna",1,"2"
"734","Gorbea",2022,"3",1,"Scilla verna",1,"3"
"735","Gorbea",2022,"3",1,"Scilla verna",0.3,"4"
"736","Gorbea",2022,"3",1,"Scilla verna",1,"5"
"737","Gorbea",2022,"3",1,"Scilla verna",1,"6"
"738","Gorbea",2022,"3",1,"Scilla verna",0.25,"8"
"739","Gorbea",2022,"3",1,"Scilla verna",1,"9"
"740","Gorbea",2022,"3",2,"Lathyrus linifolius",0.333333333333333,"21"
"741","Gorbea",2022,"3",2,"Lathyrus linifolius",0.333333333333333,"22"
"742","Gorbea",2022,"3",2,"Lathyrus linifolius",1,"23"
"743","Gorbea",2022,"3",2,"Lathyrus linifolius",0.5,"24"
"744","Gorbea",2022,"3",2,"Lathyrus linifolius",0,"26"
"745","Gorbea",2022,"3",2,"Lathyrus linifolius",0.333333333333333,"27"
"746","Gorbea",2022,"3",2,"Lathyrus linifolius",0.333333333333333,"28"
"747","Gorbea",2022,"3",2,"Lathyrus linifolius",0.5,"29"
"748","Gorbea",2022,"3",2,"Lathyrus linifolius",0.333333333333333,"30"
"749","Gorbea",2022,"3",3,"Lathyrus linifolius",0,"31"
"750","Gorbea",2022,"3",3,"Lathyrus linifolius",0,"32"
"751","Gorbea",2022,"3",3,"Lathyrus linifolius",0.5,"33"
"752","Gorbea",2022,"3",3,"Lathyrus linifolius",0.5,"35"
"753","Gorbea",2022,"3",3,"Lathyrus linifolius",0.333333333333333,"36"
"754","Gorbea",2022,"3",3,"Lathyrus linifolius",1,"38"
"755","Gorbea",2022,"3",3,"Lathyrus linifolius",0,"39"
"756","Gorbea",2022,"3",3,"Vicia pyrenaica",1,"41"
"757","Gorbea",2022,"3",3,"Vicia pyrenaica",1,"42"
"758","Gorbea",2022,"3",3,"Vicia pyrenaica",1,"43"
"759","Gorbea",2022,"3",3,"Vicia pyrenaica",1,"46"
"760","Gorbea",2022,"3",3,"Vicia pyrenaica",1,"47"
"761","Gorbea",2022,"3",3,"Vicia pyrenaica",1,"48"
"762","Gorbea",2022,"3",3,"Vicia pyrenaica",1,"50"
"763","Gorbea",2022,"3",4,"Lathyrus linifolius",0.333333333333333,"70"
"764","Gorbea",2022,"3",4,"Lathyrus linifolius",0.25,"71"
"765","Gorbea",2022,"3",4,"Lathyrus linifolius",0,"74"
"766","Gorbea",2022,"3",4,"Lathyrus linifolius",0,"75"
"767","Gorbea",2022,"3",4,"Lathyrus linifolius",0.5,"76"
"768","Gorbea",2022,"3",4,"Lathyrus linifolius",0,"77"
"769","Gorbea",2022,"3",4,"Lathyrus linifolius",0.25,"79"
"770","Gorbea",2022,"3",4,"Lotus corniculatus",0,"61"
"771","Gorbea",2022,"3",4,"Lotus corniculatus",0.25,"62"
"772","Gorbea",2022,"3",4,"Lotus corniculatus",0.333333333333333,"63"
"773","Gorbea",2022,"3",4,"Lotus corniculatus",0,"64"
"774","Gorbea",2022,"3",4,"Lotus corniculatus",0.5,"65"
"775","Gorbea",2022,"3",4,"Lotus corniculatus",0,"66"
"776","Gorbea",2022,"3",4,"Lotus corniculatus",1,"67"
"777","Gorbea",2022,"3",4,"Lotus corniculatus",0,"68"
"778","Gorbea",2022,"3",4,"Lotus corniculatus",0.25,"69"
"779","Gorbea",2022,"3",4,"Vicia pyrenaica",1,"51"
"780","Gorbea",2022,"3",4,"Vicia pyrenaica",1,"52"
"781","Gorbea",2022,"3",4,"Vicia pyrenaica",1,"53"
"782","Gorbea",2022,"3",4,"Vicia pyrenaica",1,"55"
"783","Gorbea",2022,"3",4,"Vicia pyrenaica",1,"57"
"784","Gorbea",2022,"3",4,"Vicia pyrenaica",0,"59"
"785","Gorbea",2022,"3",5,"Lotus corniculatus",0,"80"
"786","Gorbea",2022,"3",5,"Lotus corniculatus",0,"81"
"787","Gorbea",2022,"3",5,"Lotus corniculatus",1,"82"
"788","Gorbea",2022,"3",5,"Lotus corniculatus",0.333333333333333,"83"
"789","Gorbea",2022,"3",5,"Lotus corniculatus",0,"84"
"790","Gorbea",2022,"3",5,"Lotus corniculatus",0,"85"
"791","Gorbea",2022,"3",5,"Lotus corniculatus",1,"88"
"792","Gorbea",2022,"3",5,"Lotus corniculatus",1,"89"
"793","Gorbea",2022,"3",6,"Lotus corniculatus",0.333333333333333,"90"
"794","Gorbea",2022,"3",6,"Lotus corniculatus",0.75,"91"
"795","Gorbea",2022,"3",6,"Lotus corniculatus",0.5,"93"
"796","Gorbea",2022,"3",6,"Lotus corniculatus",0.5,"96"
"797","Gorbea",2022,"3",6,"Lotus corniculatus",1,"99"
"798","Gorbea",2022,"4",1,"Erythronium dens-canis",1,"1"
"799","Gorbea",2022,"4",1,"Erythronium dens-canis",0,"2"
"800","Gorbea",2022,"4",1,"Erythronium dens-canis",1,"4"
"801","Gorbea",2022,"4",1,"Erythronium dens-canis",0,"5"
"802","Gorbea",2022,"4",2,"Scilla verna",0.714285714285714,"10"
"803","Gorbea",2022,"4",2,"Scilla verna",0.4,"11"
"804","Gorbea",2022,"4",2,"Scilla verna",0,"12"
"805","Gorbea",2022,"4",2,"Scilla verna",0.25,"13"
"806","Gorbea",2022,"4",2,"Scilla verna",0.714285714285714,"14"
"807","Gorbea",2022,"4",2,"Scilla verna",0.666666666666667,"15"
"808","Gorbea",2022,"4",2,"Scilla verna",1,"6"
"809","Gorbea",2022,"4",2,"Scilla verna",0.285714285714286,"7"
"810","Gorbea",2022,"4",2,"Scilla verna",1,"8"
"811","Gorbea",2022,"4",2,"Scilla verna",1,"9"
"812","Gorbea",2022,"4",3,"Scilla verna",0.333333333333333,"16"
"813","Gorbea",2022,"4",3,"Scilla verna",0.333333333333333,"17"
"814","Gorbea",2022,"4",3,"Scilla verna",0,"18"
"815","Gorbea",2022,"4",3,"Scilla verna",1,"19"
"816","Gorbea",2022,"4",3,"Scilla verna",0.875,"20"
"817","Gorbea",2022,"4",3,"Scilla verna",0,"21"
"818","Gorbea",2022,"4",3,"Scilla verna",0.5,"22"
"819","Gorbea",2022,"4",3,"Scilla verna",0.5,"23"
"820","Gorbea",2022,"4",3,"Scilla verna",1,"24"
"821","Gorbea",2022,"4",3,"Scilla verna",0,"25"
"822","Gorbea",2022,"4",4,"Lathyrus linifolius",0,"26"
"823","Gorbea",2022,"4",4,"Lathyrus linifolius",0,"27"
"824","Gorbea",2022,"4",4,"Lathyrus linifolius",1,"28"
"825","Gorbea",2022,"4",4,"Lathyrus linifolius",1,"29"
"826","Gorbea",2022,"4",4,"Lathyrus linifolius",1,"30"
"827","Gorbea",2022,"5",1,"Pedicularis sylvatica",0.8,"10"
"828","Gorbea",2022,"5",1,"Pedicularis sylvatica",0.727272727272727,"9"
"829","Gorbea",2022,"5",1,"Scilla verna",1,"1"
"830","Gorbea",2022,"5",1,"Scilla verna",1,"12"
"831","Gorbea",2022,"5",1,"Scilla verna",0.75,"2"
"832","Gorbea",2022,"5",1,"Scilla verna",0.2,"3"
"833","Gorbea",2022,"5",1,"Scilla verna",0.4,"4"
"834","Gorbea",2022,"5",1,"Scilla verna",1,"6"
"835","Gorbea",2022,"5",1,"Scilla verna",1,"7"
"836","Gorbea",2022,"5",1,"Scilla verna",1,"8"
"837","Gorbea",2022,"5",2,"Pedicularis sylvatica",0.777777777777778,"21"
"838","Gorbea",2022,"5",2,"Pedicularis sylvatica",0.636363636363636,"22"
"839","Gorbea",2022,"5",2,"Pedicularis sylvatica",1,"23"
"840","Gorbea",2022,"5",2,"Pedicularis sylvatica",0.571428571428571,"26"
"841","Gorbea",2022,"5",2,"Pedicularis sylvatica",0.454545454545455,"27"
"842","Gorbea",2022,"5",2,"Pedicularis sylvatica",0.142857142857143,"29"
"843","Gorbea",2022,"5",2,"Scilla verna",1,"11"
"844","Gorbea",2022,"5",2,"Scilla verna",1,"12"
"845","Gorbea",2022,"5",2,"Scilla verna",0.833333333333333,"13"
"846","Gorbea",2022,"5",2,"Scilla verna",0,"14"
"847","Gorbea",2022,"5",2,"Scilla verna",0,"15"
"848","Gorbea",2022,"5",3,"Pedicularis sylvatica",0.7,"41"
"849","Gorbea",2022,"5",3,"Pedicularis sylvatica",0.833333333333333,"44"
"850","Gorbea",2022,"5",3,"Pedicularis sylvatica",0,"46"
"851","Gorbea",2022,"5",3,"Pedicularis sylvatica",0.166666666666667,"47"
"852","Gorbea",2022,"5",3,"Pedicularis sylvatica",0.571428571428571,"48"
"853","Gorbea",2022,"5",3,"Scilla verna",1,"32"
"854","Gorbea",2022,"5",3,"Scilla verna",1,"36"
"855","Gorbea",2022,"5",3,"Scilla verna",1,"38"
"856","Gorbea",2022,"5",4,"Scilla verna",0.714285714285714,"51"
"857","Gorbea",2022,"5",4,"Scilla verna",0.25,"52"
"858","Gorbea",2022,"5",4,"Scilla verna",0.75,"54"
"859","Gorbea",2022,"5",4,"Scilla verna",1,"55"
"860","Gorbea",2022,"5",4,"Scilla verna",1,"56"
"861","Gorbea",2022,"5",4,"Scilla verna",1,"57"
"862","Gorbea",2022,"5",4,"Scilla verna",0.333333333333333,"58"
"863","Gorbea",2022,"5",4,"Scilla verna",0.333333333333333,"59"
